.866890,-2.801514,-3.532791
2.280591,0.377117,-0.258337,-0.981918,0.309148,0.439155,-0.693512,-2.626419,-3.532791
2.251851,0.275329,-0.287077,0.437171,0.187076,0.240787,-0.693512,-2.801514,-3.701019
2.249456,0.347179,-0.277497,1.596857,-0.346990,0.072938,-0.346756,-2.801514,-3.196335
2.286578,0.471719,-0.254744,1.566339,0.354925,-0.247501,-0.173378,-2.801514,-3.701019
2.345256,0.668109,-0.248757,1.047532,0.431220,0.317082,-0.520134,-2.626419,-3.532791
2.320108,0.711219,-0.236782,0.605020,0.446479,0.439155,-0.693512,-2.626419,-3.532791
2.280591,0.736367,-0.249954,-0.585183,0.705882,0.393378,-0.520134,-2.801514,-3.364563
2.320108,0.713614,-0.257139,-2.095827,0.660105,0.622263,-0.520134,-2.626419,-3.196335
2.305738,0.657332,-0.263127,-2.660411,1.148394,0.362860,-0.520134,-2.626419,-3.869247
2.275801,0.507644,-0.263127,-2.477302,0.644846,0.027161,-0.866890,-2.801514,-3.532791
2.238678,0.395079,-0.193672,-2.202640,0.400702,-0.049134,-0.693512,-2.451324,-3.196335
2.226703,0.320834,-0.211634,-0.585183,0.156558,0.271305,-0.693512,-2.626419,-3.028107
2.226703,0.256169,-0.254744,0.391394,-0.484321,-0.079652,-0.520134,-2.626419,-3.028107
2.271011,0.271737,-0.287077,1.856260,-0.667430,-0.415351,-0.693512,-2.976608,-3.364563
2.298553,0.379512,-0.305039,3.061723,-0.957351,-0.049134,-0.520134,-2.801514,-3.364563
2.310528,0.504052,-0.218819,3.153277,-0.942092,-0.049134,-0.520134,-2.626419,-3.532791
2.271011,0.664517,-0.266719,2.878614,-0.865797,0.240787,-0.520134,-2.451324,-3.196335
2.267418,0.745947,-0.258337,1.230640,-0.621653,0.027161,-0.173378,-2.801514,-3.532791
2.332083,0.814204,-0.154154,-0.951400,-0.423285,-0.201724,-0.520134,-2.626419,-3.532791
2.365613,0.793847,-0.235584,-2.446784,-0.148623,0.179751,-0.346756,-2.801514,-3.028107
2.324898,0.708824,-0.243967,-3.530175,0.126040,0.011902,-0.346756,-2.801514,-3.196335
2.311726,0.532792,-0.271509,-3.560693,0.339666,-0.186465,-0.520134,-2.451324,-3.532791
2.311726,0.325624,-0.220017,-2.446784,0.507515,-0.445869,-0.693512,-2.626419,-3.364563
2.314121,0.282514,-0.217622,-1.165026,0.354925,-0.751049,-0.346756,-2.801514,-3.196335
2.267418,0.336402,-0.264324,0.177768,0.187076,-0.842603,-0.520134,-2.626419,-3.196335
2.256641,0.343587,-0.224807,1.154345,0.385443,-1.086748,-0.693512,-2.801514,-3.532791
2.306936,0.450164,-0.293064,2.222476,0.248112,-1.056229,-0.693512,-2.276230,-3.196335
2.304541,0.484892,-0.275102,2.405585,0.293889,-0.171206,-0.520134,-2.801514,-3.028107
2.299751,0.545964,-0.188882,2.420844,0.476997,0.362860,-0.693512,-2.976608,-3.364563
2.276998,0.602247,-0.156549,1.230640,0.049744,0.881666,-0.173378,-2.626419,-3.532791
2.274603,0.675294,-0.214029,0.330358,0.141299,0.866407,-0.520134,-2.451324,-3.364563
2.333281,0.696849,-0.223609,-1.439689,0.400702,0.912184,-0.346756,-2.801514,-3.532791
2.339268,0.644159,-0.215227,-2.294194,0.644846,1.171588,-0.520134,-2.976608,-3.364563
2.279393,0.559137,-0.237979,-2.751965,0.522774,0.927443,-0.520134,-2.801514,-3.701019
2.251851,0.470522,-0.253547,-2.523079,0.431220,0.820630,-0.520134,-2.801514,-3.364563
2.285381,0.329217,-0.265522,-0.905623,0.385443,0.576486,-0.866890,-2.626419,-3.532791
2.306936,0.269342,-0.315817,0.879683,0.461738,0.347600,-0.693512,-2.976608,-3.364563
2.237481,0.317242,-0.290669,2.069886,0.065003,0.607004,-0.520134,-2.276230,-3.364563
2.238678,0.397474,-0.269114,2.527657,-0.163882,-0.003357,-0.173378,-2.451324,-3.364563
2.294961,0.476509,-0.291867,2.878614,0.065003,-0.171206,-0.693512,-2.451324,-3.532791
2.346453,0.628592,-0.294262,2.314031,0.385443,0.179751,-0.520134,-2.626419,-3.364563
2.297356,0.719602,-0.188882,0.605020,0.370184,0.347600,-0.346756,-2.801514,-3.532791
2.235086,0.762712,-0.257139,-0.783551,0.492256,0.164492,-0.346756,-2.976608,-3.196335
2.275801,0.704034,-0.214029,-2.935073,0.507515,0.423896,-0.520134,-2.801514,-3.364563
2.305738,0.603444,-0.258337,-3.286031,0.721141,0.759594,-0.693512,-2.976608,-3.364563
2.287776,0.439387,-0.223609,-2.874037,0.934768,0.286564,-0.346756,-2.451324,-3.532791
2.273406,0.349574,-0.258337,-2.797742,0.888991,-0.018616,-0.346756,-2.626419,-3.196335
2.232691,0.379512,-0.259534,-2.004273,0.492256,0.408637,-0.346756,-2.976608,-3.196335
2.251851,0.337599,-0.294262,-0.478370,0.263371,0.072938,-0.346756,-2.801514,-3.532791
2.308133,0.379512,-0.321804,1.215381,-0.133364,-0.018616,-0.346756,-2.801514,-3.364563
2.322503,0.435794,-0.296657,2.207217,0.263371,-0.522164,-0.693512,-2.451324,-3.196335
2.272208,0.511237,-0.293064,2.664988,0.614328,-0.384833,-0.346756,-2.451324,-3.364563
2.273406,0.549557,-0.229597,2.481880,0.293889,-0.262760,-0.520134,-2.626419,-3.532791
2.255443,0.620209,-0.229597,1.764706,0.309148,-0.262760,-0.693512,-2.626419,-3.364563
2.274603,0.616617,-0.123019,0.269322,0.415961,-0.064393,-0.173378,-2.626419,-3.364563
2.290171,0.723194,-0.157747,-1.424430,0.248112,0.729076,-0.520134,-2.626419,-3.196335
2.288973,0.687269,-0.169722,-2.401007,0.583810,0.744335,-0.173378,-2.626419,-3.532791
2.259036,0.539977,-0.173314,-3.057145,0.309148,0.637522,-0.520134,-2.451324,-3.364563
2.255443,0.433399,-0.261929,-2.629893,0.324407,0.332341,-0.693512,-2.626419,-3.364563
2.261431,0.349574,-0.283484,-1.668574,0.156558,0.225528,-0.520134,-2.976608,-3.532791
2.238678,0.357957,-0.269114,-0.173190,0.156558,0.103456,-0.520134,-2.626419,-3.532791
2.248258,0.384302,-0.279892,0.925460,-0.377508,-0.094911,-0.173378,-2.801514,-3.364563
2.254246,0.402264,-0.282287,1.337453,-0.270695,-0.293278,-0.520134,-2.801514,-3.532791
2.298553,0.483694,-0.257139,1.917296,-0.118105,-0.705272,-0.866890,-2.626419,-3.532791
2.273406,0.519619,-0.241572,1.642634,0.232853,-0.430610,-0.520134,-2.626419,-3.364563
2.251851,0.551952,-0.261929,1.184863,0.248112,-0.522164,-0.520134,-2.626419,-3.364563
2.238678,0.520817,-0.221214,0.833906,0.019226,-0.445869,-0.693512,-2.801514,-3.364563
2.244666,0.563927,-0.176907,0.223545,0.019226,-0.125429,-0.693512,-2.976608,-3.196335
2.267418,0.587877,-0.120624,-0.585183,0.141299,-0.079652,-0.520134,-2.801514,-3.364563
2.322503,0.566322,-0.186487,-1.348135,0.431220,0.301823,-0.173378,-2.101135,-3.701019
2.324898,0.589074,-0.247559,-1.500725,0.278630,-0.140688,-0.346756,-2.626419,-3.532791
2.306936,0.519619,-0.317014,-1.485466,0.629587,0.179751,-0.520134,-2.626419,-3.532791
2.262628,0.486089,-0.275102,-1.180285,0.370184,0.393378,-0.866890,-2.801514,-3.364563
2.231493,0.425017,-0.236782,-0.981918,0.446479,0.225528,-0.346756,-2.626419,-3.364563
2.229098,0.415437,-0.241572,0.193027,-0.011292,0.500191,-0.693512,-2.451324,-3.532791
2.272208,0.373524,-0.253547,0.757610,0.660105,-0.018616,-0.520134,-2.626419,-3.532791
2.314121,0.401067,-0.258337,1.200122,0.644846,-0.094911,-0.346756,-2.801514,-3.701019
2.266221,0.427412,-0.188882,1.429007,0.568551,-0.003357,-0.346756,-2.801514,-3.701019
2.224308,0.514829,-0.146969,1.581598,0.415961,0.286564,-0.346756,-2.801514,-3.701019
2.205148,0.539977,-0.146969,1.047532,-0.148623,0.195010,-0.346756,-2.801514,-3.701019
2.271011,0.590272,-0.212832,0.040436,-0.041810,0.240787,-0.346756,-2.801514,-3.701019
2.351243,0.590272,-0.168524,-0.920882,0.187076,0.195010,-0.346756,-2.801514,-3.701019
2.329688,0.654937,-0.281089,-1.317616,0.446479,0.454414,-0.346756,-2.801514,-3.701019
2.242271,0.654937,-0.266719,-2.095827,0.171817,0.195010,-0.346756,-2.801514,-3.701019
2.207543,0.545964,-0.248757,-2.126345,0.263371,0.301823,-0.346756,-2.626419,-3.532791
2.261431,0.475312,-0.265522,-1.760128,0.278630,0.027161,-0.520134,-2.801514,-3.364563
2.300948,0.372327,-0.303842,-1.195544,0.538033,-0.171206,-0.520134,-2.976608,-3.532791
2.260233,0.289699,-0.267917,0.131991,0.431220,-0.430610,-0.520134,-2.801514,-3.364563
2.249456,0.319637,-0.243967,1.001755,0.431220,-0.476387,-0.693512,-2.801514,-3.364563
2.209938,0.359154,-0.181697,1.963073,0.126040,-0.232242,-0.693512,-2.801514,-3.532791
2.215926,0.481299,-0.194869,1.810483,-0.560616,0.133974,-0.693512,-2.276230,-3.532791
2.247061,0.601049,-0.222412,1.062791,0.003967,-0.232242,-0.346756,-2.626419,-3.364563
2.323701,0.681282,-0.305039,0.055695,0.202335,-0.140688,-0.346756,-2.626419,-3.532791
2.311726,0.674097,-0.241572,-0.905623,0.629587,0.393378,-0.346756,-2.276230,-3.532791
2.244666,0.599852,-0.241572,-1.393912,0.583810,0.622263,-0.520134,-2.626419,-3.364563
2.221913,0.492077,-0.228399,-1.409171,-0.057069,0.362860,-0.520134,-2.276230,-3.364563
2.219518,0.428609,-0.243967,-0.920882,-0.087587,0.347600,-0.520134,-3.326797,-3.364563
2.275801,0.371129,-0.264324,-0.386816,-0.179141,-0.216983,-0.693512,-2.626419,-3.196335
2.316516,0.438189,-0.325397,-0.341039,0.156558,-0.186465,-0.693512,-2.801514,-3.532791
2.239876,0.486089,-0.287077,0.284581,0.248112,-0.308537,-0.346756,-2.626419,-3.701019
2.200358,0.518422,-0.230794,-0.020600,0.095522,-0.598459,-0.346756,-2.626419,-3.364563
2.226703,0.539977,-0.173314,-0.753033,0.309148,-0.537423,-0.346756,-3.151703,-3.364563
2.281788,0.543569,-0.123019,-0.920882,0.309148,-0.461128,-0.693512,-2.801514,-3.532791
2.316516,0.482497,-0.208042,-1.134508,0.690623,-0.735790,-0.346756,-2.801514,-3.196335
2.290171,0.439387,-0.287077,-0.661479,0.599069,-0.567941,-0.346756,-2.801514,-3.196335
2.285381,0.408252,-0.249954,0.025177,0.507515,-0.552682,-1.040268,-2.976608,-3.196335
2.280591,0.392684,-0.237979,0.681315,0.766918,-0.506905,-0.866890,-2.451324,-3.364563
2.241073,0.433399,-0.236782,0.757610,0.736400,0.042420,-0.346756,-3.151703,-3.532791
2.188383,0.513632,-0.216424,0.498207,0.507515,0.271305,-0.346756,-2.626419,-3.364563
2.235086,0.574704,-0.223609,-0.020600,0.248112,0.317082,-0.693512,-2.801514,-3.364563
2.273406,0.592667,-0.217622,-0.875105,0.446479,0.530709,-0.693512,-2.801514,-3.532791
2.271011,0.545964,-0.260732,-1.180285,0.614328,0.362860,-0.520134,-2.976608,-3.532791
2.236283,0.500459,-0.259534,-1.027695,0.675364,0.484932,-0.520134,-2.626419,-3.364563
2.201556,0.456152,-0.205647,-1.027695,0.476997,0.729076,-0.346756,-2.801514,-3.701019
2.174013,0.366339,-0.211634,0.086213,0.065003,0.607004,-0.866890,-2.626419,-3.364563
2.244666,0.329217,-0.217622,0.452430,0.065003,-0.003357,-0.693512,-2.626419,-3.532791
2.296158,0.431004,-0.217622,0.727092,-0.163882,-0.064393,-0.346756,-2.626419,-3.532791
2.260233,0.519619,-0.245164,1.093309,0.003967,0.072938,-0.693512,-2.976608,-3.028107
2.184791,0.579494,-0.233189,0.452430,0.095522,-0.003357,-0.520134,-3.151703,-3.196335
2.214728,0.591469,-0.227202,-0.554665,0.217594,-0.247501,-0.693512,-2.801514,-3.364563
2.248258,0.584284,-0.214029,-1.409171,0.339666,-0.216983,-0.693512,-2.801514,-3.364563
2.299751,0.520817,-0.257139,-1.393912,0.736400,-0.140688,-0.520134,-2.976608,-3.869247
2.245863,0.440584,-0.233189,-0.997177,0.538033,0.408637,-0.346756,-2.976608,-3.364563
2.190778,0.403462,-0.231992,-0.798810,0.187076,0.423896,-0.346756,-2.451324,-3.701019
2.189581,0.371129,-0.230794,0.101473,-0.072328,0.454414,-0.866890,-2.626419,-3.364563
2.185988,0.373524,-0.228399,1.078050,-0.179141,0.210269,-0.693512,-2.976608,-3.701019
2.226703,0.398672,-0.217622,1.947814,-0.636912,0.408637,-0.693512,-2.451324,-3.532791
2.253048,0.448967,-0.210437,6.311894,-0.728466,0.088197,-0.520134,-2.451324,-3.364563
2.237481,0.562729,-0.243967,1.871519,-0.652171,0.118715,-0.173378,-2.626419,-3.196335
2.238678,0.587877,-0.209239,0.864424,-0.514839,0.011902,-0.693512,-2.801514,-3.196335
2.250653,0.669307,-0.209239,-0.203708,-0.530098,0.042420,-0.346756,-2.976608,-3.532791
2.260233,0.640567,-0.185289,-1.439689,0.156558,0.133974,-0.520134,-2.451324,-3.701019
2.251851,0.603444,-0.275102,-2.202640,0.003967,0.027161,-0.346756,-2.626419,-3.364563
2.239876,0.511237,-0.289472,-2.019532,0.049744,0.347600,-0.346756,-2.801514,-3.532791
2.214728,0.356759,-0.254744,-1.699092,-0.133364,-0.262760,-0.346756,-2.801514,-3.532791
2.230296,0.307662,-0.265522,-0.463111,-0.026551,-0.491646,-0.346756,-2.626419,-3.532791
2.242271,0.299279,-0.186487,1.093309,-0.270695,-0.216983,-0.520134,-2.626419,-3.364563
2.239876,0.332809,-0.248757,2.222476,-0.270695,-0.400092,-0.520134,-2.801514,-3.532791
2.261431,0.441782,-0.166129,2.344549,-0.392767,-0.354315,-0.520134,-2.451324,-3.196335
2.294961,0.533989,-0.218819,2.680247,-0.072328,0.011902,-0.520134,-2.801514,-3.364563
2.296158,0.549557,-0.276299,1.963073,0.187076,0.149233,-0.520134,-2.976608,-3.196335
2.236283,0.592667,-0.265522,1.078050,0.187076,0.118715,-0.346756,-2.451324,-3.364563
2.205148,0.578297,-0.186487,0.070954,0.217594,0.500191,-0.520134,-2.626419,-3.869247
2.229098,0.568717,-0.179302,-0.707256,0.019226,0.591745,-0.346756,-2.976608,-3.364563
2.251851,0.548359,-0.182894,-1.195544,-0.118105,0.561227,-0.520134,-2.626419,-3.701019
2.257838,0.481299,-0.243967,-1.256580,0.065003,0.866407,-0.520134,-3.151703,-3.028107
2.256641,0.401067,-0.205647,-0.966659,-0.316472,0.301823,-0.346756,-2.801514,-3.532791
2.207543,0.393882,-0.204449,-0.249485,-0.591134,-0.064393,-0.693512,-2.626419,-3.532791
2.218321,0.460942,-0.270312,0.177768,-0.499580,0.164492,-0.693512,-2.451324,-3.364563
2.256641,0.494472,-0.235584,0.177768,-0.118105,0.149233,-0.520134,-2.976608,-3.364563
2.294961,0.512434,-0.252349,0.299840,0.095522,-0.003357,-0.520134,-2.626419,-3.701019
2.278196,0.554347,-0.272707,0.543984,0.232853,0.210269,-0.693512,-2.801514,-3.028107
2.259036,0.481299,-0.266719,-0.249485,0.034485,0.210269,-0.693512,-2.976608,-3.196335
2.211136,0.499262,-0.299052,-0.478370,0.202335,-0.201724,-0.346756,-2.626419,-3.364563
2.233888,0.447769,-0.241572,-0.035859,-0.011292,-0.094911,-0.520134,-2.801514,-3.196335
2.219518,0.385499,-0.246362,0.818647,-0.087587,-0.400092,-0.866890,-2.801514,-3.196335
2.229098,0.427412,-0.203252,1.184863,-0.240177,-0.323796,-0.346756,-2.451324,-3.364563
2.247061,0.478904,-0.170919,1.139086,-0.224918,-0.079652,-0.693512,-2.451324,-3.364563
2.273406,0.519619,-0.168524,0.040436,-0.285954,-0.003357,-0.693512,-2.801514,-3.532791
2.255443,0.560334,-0.186487,-0.035859,-0.072328,-0.171206,-0.520134,-2.626419,-3.196335
2.297356,0.523212,-0.234387,-0.676738,0.461738,-0.094911,-0.866890,-2.801514,-3.028107
2.276998,0.560334,-0.270312,-0.508888,0.461738,0.423896,-0.520134,-3.151703,-3.532791
2.218321,0.526804,-0.220017,-0.615701,0.476997,0.301823,-0.866890,-2.801514,-3.532791
2.226703,0.480102,-0.217622,-0.478370,0.065003,0.256046,-0.520134,-2.276230,-3.364563
2.212333,0.441782,-0.193672,-0.234226,-0.102846,0.515450,-1.040268,-2.451324,-3.364563
2.241073,0.439387,-0.248757,0.757610,-0.102846,0.240787,-0.693512,-2.626419,-3.701019
2.267418,0.432202,-0.231992,0.711833,0.110781,0.072938,-0.866890,-2.276230,-3.532791
2.261431,0.480102,-0.211634,0.467689,0.232853,0.408637,-0.866890,-2.276230,-3.532791
2.214728,0.562729,-0.206844,0.360876,0.370184,0.622263,-0.866890,-2.276230,-3.532791
2.200358,0.566322,-0.243967,-0.310521,0.187076,0.408637,-0.866890,-2.276230,-3.532791
2.244666,0.519619,-0.229597,-0.600442,0.232853,0.439155,-0.866890,-2.276230,-3.532791
2.263826,0.462139,-0.290669,-0.493629,0.217594,0.515450,-0.866890,-2.276230,-3.532791
2.268616,0.408252,-0.137389,-1.042954,0.324407,0.027161,-0.866890,-2.276230,-3.532791
2.251851,0.465732,-0.199659,-1.073472,0.278630,0.042420,-0.866890,-2.276230,-3.532791
2.260233,0.413042,-0.251152,-0.432593,0.614328,0.454414,-0.520134,-2.976608,-3.196335
2.236283,0.409449,-0.289472,0.879683,0.293889,0.256046,-0.520134,-2.801514,-3.364563
2.223111,0.529199,-0.221214,1.505303,-0.118105,0.805371,-0.520134,-2.451324,-3.196335
2.200358,0.585482,-0.208042,0.574502,0.019226,1.263142,-0.693512,-2.801514,-3.196335
2.205148,0.578297,-0.245164,-0.096895,-0.057069,0.759594,-0.693512,-2.801514,-3.532791
2.226703,0.580692,-0.233189,-0.417334,-0.087587,0.332341,-0.346756,-2.626419,-3.364563
2.247061,0.536384,-0.301447,-1.088731,-0.240177,0.256046,-0.346756,-2.801514,-3.196335
2.230296,0.517224,-0.246362,-1.180285,-0.041810,-0.018616,-0.866890,-2.451324,-3.701019
2.211136,0.495669,-0.277497,-1.302358,0.126040,-0.384833,-0.866890,-2.801514,-3.364563
2.249456,0.445374,-0.227202,-1.027695,0.095522,-0.491646,-0.866890,-2.801514,-3.028107
2.286578,0.401067,-0.241572,-0.402075,0.370184,-0.491646,-0.693512,-2.801514,-3.532791
2.244666,0.411844,-0.215227,-0.051118,0.049744,-0.537423,-0.866890,-2.626419,-3.532791
2.225506,0.445374,-0.242769,0.315099,-0.301213,-0.293278,-0.693512,-2.626419,-3.532791
2.226703,0.438189,-0.251152,0.803388,0.065003,-0.400092,-0.173378,-2.801514,-3.701019
2.267418,0.450164,-0.235584,1.245899,-0.072328,-0.598459,-0.866890,-2.276230,-3.532791
2.276998,0.525607,-0.538552,0.391394,0.431220,-0.278019,-0.520134,-2.976608,-3.196335
2.265023,0.575902,-0.199659,0.147250,0.446479,0.286564,-0.346756,-2.801514,-3.532791
2.247061,0.529199,-0.257139,-0.081636,0.446479,0.347600,-0.520134,-2.626419,-3.532791
2.243468,0.463337,-0.237979,-0.341039,0.568551,0.774853,-0.346756,-2.626419,-3.364563
2.269813,0.442979,-0.226004,-0.142672,0.873732,0.881666,-0.520134,-2.801514,-3.196335
2.244666,0.422622,-0.241572,0.162509,0.568551,0.820630,-0.693512,-2.276230,-3.196335
2.190778,0.419029,-0.197264,0.284581,0.339666,1.278401,-0.693512,-2.626419,-3.364563
2.193173,0.409449,-0.158944,0.833906,0.110781,1.110552,-0.693512,-2.451324,-3.701019
2.288973,0.474114,-0.234387,0.238804,0.293889,1.125811,-0.346756,-2.801514,-3.364563
2.281788,0.548359,-0.270312,-0.051118,0.614328,0.988479,-0.000000,-2.626419,-3.869247
2.248258,0.590272,-0.235584,-0.356298,0.629587,1.080034,-0.693512,-2.626419,-3.532791
2.221913,0.536384,-0.178104,-0.905623,0.675364,0.927443,-0.520134,-2.626419,-3.196335
2.205148,0.542372,-0.226004,-1.088731,0.751659,1.080034,-0.866890,-2.451324,-3.364563
2.233888,0.460942,-0.300249,-0.829328,0.538033,0.683299,-0.520134,-2.626419,-3.364563
2.230296,0.362747,-0.296657,-0.341039,0.812696,0.179751,-0.866890,-2.801514,-3.196335
2.229098,0.356759,-0.264324,0.543984,0.873732,0.286564,-0.000000,-2.801514,-3.532791
2.183593,0.305267,-0.283484,2.542916,0.110781,0.545968,-0.693512,-2.801514,-3.196335
2.154853,0.295687,-0.224807,3.595788,0.003967,0.576486,-0.693512,-2.976608,-3.196335
2.194371,0.396277,-0.197264,3.885710,0.187076,0.439155,-0.520134,-2.451324,-3.196335
2.239876,0.566322,-0.176907,3.107500,-0.331731,0.393378,-0.520134,-2.626419,-3.532791
2.224308,0.712417,-0.113439,1.367971,-0.240177,0.790112,-0.346756,-2.451324,-3.532791
2.233888,0.815402,-0.176907,-0.997177,-0.209659,0.942702,-0.866890,-2.626419,-3.532791
2.259036,0.772292,-0.173314,-2.370489,0.003967,0.729076,-0.520134,-2.801514,-3.532791
2.266221,0.660924,-0.236782,-3.957428,0.690623,0.423896,-0.346756,-2.801514,-3.364563
2.300948,0.510039,-0.284682,-4.613565,0.751659,0.454414,-0.693512,-2.451324,-3.701019
2.262628,0.384302,-0.277497,-4.338903,1.041581,-0.308537,-0.173378,-2.976608,-3.028107
2.219518,0.290897,-0.290669,-2.095827,0.950027,-0.140688,-0.173378,-2.801514,-3.028107
2.159643,0.201084,-0.297854,0.574502,0.812696,-0.278019,-0.520134,-2.976608,-3.869247
2.132101,0.239404,-0.261929,2.069886,0.492256,-0.583200,-0.346756,-2.451324,-3.532791
2.171618,0.311254,-0.212832,3.092241,0.263371,-0.476387,-0.346756,-2.626419,-3.869247
2.230296,0.429807,-0.185289,3.641566,0.049744,-0.216983,-0.346756,-2.801514,-3.532791
2.242271,0.531594,-0.211634,3.275349,-0.163882,-0.064393,-1.040268,-2.626419,-3.364563
2.231493,0.619012,-0.192474,2.451362,-0.285954,0.454414,-0.693512,-2.626419,-3.701019
2.206346,0.682479,-0.126612,0.238804,-0.453803,0.317082,-0.520134,-2.626419,-3.196335
2.219518,0.735169,-0.172117,-1.989014,-0.667430,0.500191,-0.346756,-2.626419,-3.196335
2.250653,0.730379,-0.210437,-3.301290,-0.285954,0.164492,-0.520134,-2.801514,-3.364563
2.260233,0.623802,-0.235584,-4.079500,-0.224918,0.027161,-0.693512,-2.801514,-3.364563
2.209938,0.502854,-0.260732,-3.820096,-0.011292,-0.262760,-0.520134,-2.801514,-3.196335
2.180001,0.360352,-0.273904,-3.636988,-0.087587,-0.476387,-0.693512,-2.976608,-3.196335
2.202753,0.283712,-0.255942,-1.958495,-0.301213,-1.056229,-0.693512,-2.626419,-3.364563
2.217123,0.216652,-0.212832,-0.524147,-0.316472,-1.193561,-0.693512,-2.976608,-3.532791
2.221913,0.235812,-0.245164,1.474784,-0.331731,-1.407187,-0.866890,-2.626419,-3.532791
2.219518,0.266947,-0.287077,2.878614,-0.469062,-1.346151,-0.693512,-2.626419,-3.196335
2.224308,0.345982,-0.205647,3.626307,-0.240177,-1.422446,-0.520134,-2.626419,-3.701019
2.249456,0.469324,-0.198462,4.129854,-0.133364,-1.346151,-0.693512,-2.276230,-3.532791
2.284183,0.602247,-0.185289,3.015946,0.034485,-0.690013,-0.346756,-2.626419,-3.532791
2.255443,0.705232,-0.112242,0.635538,0.202335,-0.247501,-0.346756,-2.451324,-3.196335
2.282986,0.801032,-0.127809,-1.271839,0.538033,0.454414,-0.520134,-2.801514,-3.532791
2.279393,0.724392,-0.224807,-3.179217,0.660105,0.652781,-0.520134,-2.626419,-3.364563
2.253048,0.591469,-0.281089,-3.499657,1.102617,0.820630,-0.173378,-2.626419,-3.364563
2.191976,0.434597,-0.251152,-3.636988,0.950027,1.034256,-0.346756,-2.276230,-3.532791
2.176408,0.305267,-0.212832,-2.645152,0.797437,1.217365,-0.520134,-2.976608,-3.364563
2.219518,0.225034,-0.278694,-0.661479,0.736400,0.683299,-0.173378,-2.626419,-3.364563
2.217123,0.198689,-0.303842,0.940719,0.751659,0.271305,-0.520134,-2.976608,-3.364563
2.195568,0.281317,-0.255942,2.100404,0.553292,0.378119,-0.346756,-2.451324,-3.532791
2.175211,0.383104,-0.252349,3.397421,0.370184,-0.201724,-0.520134,-2.976608,-3.869247
2.201556,0.487287,-0.180499,3.611048,0.141299,-0.262760,-0.693512,-2.101135,-3.532791
2.219518,0.601049,-0.126612,2.512398,0.278630,-0.033875,-0.520134,-2.276230,-3.701019
2.237481,0.706429,-0.215227,1.215381,0.492256,0.225528,-0.520134,-2.801514,-3.196335
2.206346,0.689664,-0.221214,-0.417334,0.690623,0.103456,-0.520134,-2.626419,-3.196335
2.219518,0.634579,-0.190079,-1.500725,0.202335,0.072938,-0.346756,-2.626419,-3.364563
2.212333,0.586679,-0.180499,-2.553597,0.614328,0.057679,-0.346756,-2.626419,-3.532791
2.233888,0.563927,-0.204449,-2.782483,0.782178,0.561227,-0.173378,-2.276230,-3.364563
2.191976,0.446572,-0.243967,-2.767224,0.538033,0.439155,-0.866890,-2.801514,-3.532791
2.194371,0.374722,-0.212832,-2.233158,0.599069,-0.140688,-0.346756,-2.801514,-3.532791
2.160841,0.377117,-0.193672,-1.729610,0.248112,0.210269,-0.520134,-2.451324,-3.701019
2.170421,0.391487,-0.222412,-1.409171,-0.346990,0.225528,-0.173378,-2.626419,-3.364563
2.158446,0.359154,-0.239177,-0.325780,-0.438544,0.072938,-0.173378,-2.626419,-3.364563
2.177606,0.344784,-0.247559,0.696574,-0.377508,0.057679,-0.173378,-2.626419,-3.364563
2.193173,0.339994,-0.234387,1.551080,-0.728466,-0.339055,-0.173378,-2.626419,-3.364563
2.226703,0.403462,-0.212832,2.069886,-0.514839,-0.476387,-0.173378,-2.626419,-3.364563
2.248258,0.524409,-0.212832,1.047532,-0.530098,-0.369574,-0.173378,-2.626419,-3.364563
2.215926,0.686072,-0.160142,-0.112154,-0.362249,-0.628977,-0.173378,-2.626419,-3.364563
2.226703,0.714812,-0.217622,-1.409171,0.080262,-0.644236,-0.173378,-2.626419,-3.364563
2.237481,0.659727,-0.193672,-2.446784,0.476997,-0.842603,-0.173378,-2.626419,-3.364563
2.253048,0.536384,-0.155352,-3.301290,0.538033,-0.659495,-0.000000,-2.451324,-3.532791
2.236283,0.416634,-0.126612,-3.530175,0.644846,-1.010452,-0.520134,-2.626419,-3.196335
2.217123,0.355562,-0.203252,-2.813001,0.888991,-0.659495,-0.346756,-2.801514,-3.701019
2.247061,0.293292,-0.295459,-1.821164,0.675364,-0.979934,-0.520134,-2.626419,-3.364563
2.211136,0.250182,-0.269114,-0.615701,0.812696,-0.445869,-0.693512,-2.626419,-3.364563
2.196766,0.247787,-0.285879,1.383230,0.782178,-0.415351,-0.520134,-2.801514,-3.701019
2.202753,0.278922,-0.211634,2.146181,0.263371,-0.094911,-0.346756,-2.626419,-3.364563
2.197963,0.422622,-0.265522,2.634470,0.492256,0.454414,-0.866890,-2.801514,-3.532791
2.218321,0.507644,-0.202054,1.810483,0.507515,0.713817,-0.346756,-2.626419,-3.364563
2.217123,0.615419,-0.149364,0.330358,0.385443,1.049515,-0.693512,-2.451324,-3.364563
2.188383,0.680084,-0.199659,-0.997177,0.263371,1.095293,-0.520134,-2.801514,-3.364563
2.178803,0.622604,-0.203252,-1.790646,0.507515,0.835889,-0.520134,-2.626419,-3.532791
2.191976,0.513632,-0.229597,-2.111086,0.553292,0.591745,-0.346756,-3.151703,-3.532791
2.214728,0.404659,-0.217622,-1.775387,0.385443,0.347600,-0.520134,-2.451324,-3.532791
2.185988,0.362747,-0.205647,-1.714351,0.721141,0.210269,-0.520134,-2.451324,-3.532791
2.187186,0.380709,-0.247559,-1.073472,0.202335,-0.018616,-0.866890,-2.976608,-3.532791
2.193173,0.390289,-0.253547,-0.371557,0.293889,-0.293278,-0.520134,-2.626419,-3.701019
2.207543,0.359154,-0.228399,0.193027,0.202335,-0.415351,-0.520134,-2.451324,-3.364563
2.169223,0.416634,-0.229597,0.437171,0.095522,-0.247501,-0.693512,-2.801514,-3.532791
2.148866,0.393882,-0.205647,0.421912,-0.026551,-0.323796,-0.520134,-2.451324,-3.532791
2.197963,0.442979,-0.199659,0.360876,-0.087587,-0.278019,-0.520134,-2.626419,-3.196335
2.223111,0.488484,-0.205647,-0.157931,-0.087587,0.179751,-0.693512,-2.626419,-3.532791
2.180001,0.502854,-0.223609,-0.783551,-0.209659,0.744335,-0.000000,-2.801514,-3.364563
2.152458,0.499262,-0.261929,-0.768292,-0.102846,0.881666,-0.693512,-2.801514,-3.532791
2.220716,0.411844,-0.237979,-0.463111,-0.163882,0.484932,-0.520134,-2.451324,-3.532791
2.237481,0.401067,-0.202054,-0.066377,-0.194400,0.332341,-0.693512,-2.626419,-3.532791
2.182396,0.425017,-0.186487,-0.112154,-0.194400,0.027161,-0.693512,-2.451324,-3.532791
2.177606,0.504052,-0.228399,-0.142672,-0.469062,-0.079652,-0.520134,-2.451324,-3.532791
2.196766,0.500459,-0.271509,-0.554665,-0.026551,-0.354315,-0.520134,-2.626419,-3.196335
2.238678,0.457349,-0.197264,-0.585183,0.126040,-0.262760,-1.040268,-2.976608,-3.364563
2.206346,0.416634,-0.186487,-0.707256,-0.072328,-0.262760,-0.520134,-2.976608,-3.364563
2.172816,0.341192,-0.208042,-0.417334,-0.133364,-0.232242,-0.520134,-2.976608,-3.532791
2.144076,0.316044,-0.193672,0.162509,-0.194400,-0.003357,-0.173378,-2.801514,-3.532791
2.208741,0.348377,-0.206844,1.001755,-0.331731,-0.308537,-0.693512,-2.801514,-3.364563
2.254246,0.413042,-0.264324,1.017014,-0.362249,0.164492,-0.520134,-2.626419,-3.701019
2.215926,0.427412,-0.249954,1.017014,0.141299,0.118715,-0.693512,-2.976608,-3.532791
2.205148,0.462139,-0.264324,0.696574,-0.209659,-0.033875,-0.520134,-2.626419,-3.532791
2.160841,0.459744,-0.239177,0.498207,-0.087587,0.347600,-0.693512,-2.451324,-3.869247
2.212333,0.471719,-0.243967,0.406653,0.110781,0.149233,-0.520134,-2.626419,-3.532791
2.219518,0.470522,-0.200857,0.315099,-0.179141,0.240787,-0.520134,-2.626419,-3.364563
2.182396,0.474114,-0.161339,0.162509,-0.163882,0.378119,-1.040268,-2.626419,-3.196335
2.177606,0.445374,-0.196067,0.345617,-0.087587,-0.125429,-0.346756,-2.626419,-3.532791
2.211136,0.452559,-0.182894,-0.341039,-0.270695,0.118715,-0.693512,-2.801514,-3.532791
2.174013,0.488484,-0.228399,-0.173190,-0.316472,0.164492,-0.520134,-2.626419,-3.701019
2.217123,0.428609,-0.233189,-0.600442,-0.224918,-0.186465,-1.040268,-2.626419,-3.701019
2.213531,0.396277,-0.237979,-0.585183,-0.514839,-0.186465,-0.866890,-2.276230,-3.532791
2.201556,0.408252,-0.184092,-0.173190,-0.575875,0.027161,-0.693512,-2.801514,-3.532791
2.212333,0.407054,-0.224807,-0.127413,-0.560616,-0.232242,-0.866890,-2.626419,-3.532791
2.242271,0.421424,-0.203252,0.299840,-0.636912,-0.430610,-0.693512,-2.451324,-3.196335
2.259036,0.432202,-0.267917,0.406653,-0.209659,-0.491646,-0.173378,-2.451324,-3.869247
2.229098,0.433399,-0.247559,0.711833,0.065003,0.210269,-0.520134,-2.801514,-3.532791
2.181198,0.426214,-0.237979,0.269322,-0.026551,0.454414,-0.520134,-2.801514,-3.364563
2.200358,0.422622,-0.246362,0.345617,0.187076,0.256046,-0.346756,-3.151703,-3.196335
2.206346,0.439387,-0.212832,0.696574,-0.011292,0.454414,-0.000000,-2.276230,-3.532791
2.233888,0.432202,-0.143377,0.315099,0.003967,0.500191,-0.346756,-2.801514,-3.532791
2.200358,0.470522,-0.170919,-0.310521,-0.408026,0.637522,-0.346756,-2.976608,-3.364563
2.147668,0.519619,-0.218819,-1.180285,-0.484321,0.820630,-0.346756,-2.801514,-3.532791
2.181198,0.438189,-0.245164,-0.707256,-0.636912,0.103456,-0.693512,-2.626419,-3.364563
2.256641,0.409449,-0.235584,0.070954,-0.209659,0.286564,-0.866890,-2.451324,-3.869247
2.247061,0.368734,-0.278694,0.238804,-0.026551,0.378119,-0.520134,-2.801514,-3.701019
2.180001,0.345982,-0.231992,1.139086,0.248112,-0.140688,-0.346756,-2.801514,-3.701019
2.164433,0.369932,-0.221214,1.306935,-0.179141,-0.293278,-0.693512,-2.626419,-3.196335
2.195568,0.414239,-0.205647,1.535821,-0.011292,0.301823,-0.000000,-2.801514,-3.364563
2.260233,0.493274,-0.282287,1.490044,0.293889,0.164492,-0.520134,-2.626419,-3.532791
2.236283,0.537582,-0.170919,0.711833,0.370184,0.301823,-0.173378,-2.276230,-3.364563
2.170421,0.608234,-0.168524,-0.722515,0.415961,0.805371,-0.346756,-2.451324,-3.701019
2.177606,0.596259,-0.161339,-1.409171,0.293889,0.851148,-0.520134,-2.801514,-3.364563
2.190778,0.549557,-0.187684,-2.690929,0.263371,0.774853,-0.520134,-2.276230,-3.532791
2.219518,0.466929,-0.202054,-3.224994,0.278630,0.652781,-0.693512,-2.626419,-3.532791
2.221913,0.345982,-0.299052,-2.553597,0.507515,0.347600,-0.693512,-2.451324,-3.364563
2.206346,0.239404,-0.275102,-1.027695,0.248112,-0.033875,-0.520134,-2.451324,-3.701019
2.190778,0.207072,-0.284682,0.666056,-0.026551,-0.033875,-0.520134,-2.451324,-3.532791
2.191976,0.203479,-0.252349,2.405585,0.065003,0.027161,-0.346756,-2.801514,-3.364563
2.176408,0.323229,-0.233189,2.817578,-0.087587,-0.125429,-0.693512,-2.976608,-3.364563
2.174013,0.451362,-0.227202,2.390326,0.019226,0.011902,-0.346756,-3.151703,-3.532791
2.195568,0.577099,-0.192474,1.337453,-0.392767,-0.033875,-0.520134,-2.626419,-3.364563
2.212333,0.671702,-0.139784,-0.234226,-0.087587,0.378119,-0.520134,-2.626419,-3.701019
2.193173,0.676492,-0.168524,-1.943236,-0.362249,0.500191,-0.520134,-2.626419,-3.701019
2.182396,0.621407,-0.246362,-2.767224,-0.087587,0.286564,-0.173378,-2.626419,-3.701019
2.218321,0.463337,-0.226004,-2.645152,-0.301213,-0.079652,-0.173378,-2.976608,-3.196335
2.221913,0.341192,-0.264324,-2.202640,0.080262,-0.445869,-0.520134,-2.801514,-3.869247
2.218321,0.257367,-0.277497,-1.058213,-0.102846,-0.766308,-0.173378,-2.626419,-3.532791
2.176408,0.282514,-0.220017,-0.402075,0.049744,-1.315633,-0.173378,-2.626419,-3.532791
2.194371,0.325624,-0.254744,0.299840,0.309148,-1.269856,-0.173378,-2.626419,-3.532791
2.238678,0.399869,-0.200857,1.154345,0.187076,-1.132525,-0.173378,-2.626419,-3.532791
2.219518,0.447769,-0.210437,0.605020,0.431220,-0.995193,-0.173378,-2.626419,-3.532791
2.224308,0.504052,-0.205647,-0.081636,0.461738,-0.537423,-0.173378,-2.626419,-3.532791
2.203951,0.516027,-0.187684,-0.615701,0.354925,-0.186465,-0.173378,-2.626419,-3.532791
2.180001,0.530397,-0.211634,-1.531243,0.492256,0.195010,-0.173378,-2.626419,-3.532791
2.212333,0.431004,-0.237979,-1.653315,0.324407,0.668040,-1.040268,-2.451324,-3.196335
2.211136,0.347179,-0.259534,-0.707256,0.583810,0.423896,-0.693512,-2.801514,-3.532791
2.230296,0.334007,-0.222412,-0.280003,0.126040,0.881666,-0.173378,-2.451324,-3.364563
2.212333,0.288502,-0.208042,0.788128,0.309148,0.484932,-0.520134,-2.451324,-3.364563
2.193173,0.316044,-0.186487,1.413748,0.110781,0.469673,-0.520134,-2.801514,-3.364563
2.197963,0.345982,-0.212832,2.252995,0.141299,0.286564,-0.520134,-2.626419,-3.532791
2.220716,0.422622,-0.211634,1.917296,0.019226,0.286564,-0.520134,-2.276230,-3.532791
2.196766,0.488484,-0.181697,1.184863,-0.224918,0.317082,-0.693512,-2.451324,-3.364563
2.208741,0.492077,-0.164932,0.269322,0.278630,0.103456,-0.520134,-2.976608,-3.364563
2.218321,0.516027,-0.237979,-0.020600,0.156558,0.133974,-0.520134,-2.451324,-3.196335
2.205148,0.533989,-0.216424,-0.646220,0.599069,0.301823,-0.346756,-1.926041,-3.701019
2.180001,0.506447,-0.212832,-1.363394,0.568551,0.469673,-0.520134,-2.276230,-3.701019
2.157248,0.422622,-0.237979,-0.844587,0.370184,0.118715,-0.520134,-2.801514,-3.869247
2.158446,0.328019,-0.319409,0.193027,0.278630,-0.186465,-0.346756,-2.626419,-3.364563
2.207543,0.270539,-0.222412,1.276417,-0.087587,0.317082,-0.346756,-2.276230,-3.701019
2.172816,0.310057,-0.205647,1.810483,-0.057069,0.347600,-0.520134,-2.976608,-3.364563
2.127311,0.392684,-0.211634,2.329290,-0.545357,0.256046,-0.173378,-2.451324,-3.701019
2.177606,0.492077,-0.217622,2.069886,-0.621653,0.317082,-0.346756,-2.801514,-3.532791
2.220716,0.514829,-0.260732,0.940719,-0.270695,-0.049134,-0.520134,-2.626419,-3.364563
2.193173,0.583087,-0.194869,0.238804,-0.331731,0.179751,-0.693512,-2.451324,-3.364563
2.170421,0.518422,-0.209239,-0.493629,-0.530098,0.332341,-0.346756,-2.626419,-3.364563
2.224308,0.469324,-0.205647,-0.890364,-0.285954,0.088197,-0.693512,-2.801514,-3.701019
2.249456,0.432202,-0.215227,-0.554665,-0.148623,-0.125429,-0.346756,-2.801514,-3.532791
2.231493,0.405857,-0.188882,-0.569924,0.049744,0.164492,-0.520134,-2.451324,-3.532791
2.182396,0.391487,-0.255942,-0.264744,-0.224918,0.362860,-0.866890,-2.451324,-3.364563
2.185988,0.431004,-0.179302,-0.524147,-0.087587,0.011902,-0.693512,-2.276230,-3.701019
2.230296,0.493274,-0.231992,-0.798810,0.034485,-0.064393,-1.040268,-2.451324,-3.869247
2.231493,0.493274,-0.317014,-0.676738,0.141299,-0.125429,-0.866890,-2.801514,-3.532791
2.203951,0.453757,-0.205647,-0.920882,0.263371,-0.003357,-0.346756,-2.976608,-3.364563
2.201556,0.367537,-0.184092,-0.676738,0.156558,0.011902,-0.693512,-2.801514,-3.532791
2.215926,0.308859,-0.223609,0.376135,0.110781,-0.110170,-0.693512,-2.626419,-3.532791
2.188383,0.269342,-0.243967,0.681315,-0.240177,-0.064393,-0.520134,-2.451324,-3.532791
2.171618,0.310057,-0.188882,1.612116,-0.362249,0.088197,-0.346756,-2.451324,-3.364563
2.183593,0.349574,-0.240374,2.207217,-0.484321,-0.262760,-0.866890,-2.451324,-3.532791
2.212333,0.405857,-0.266719,2.771801,-0.270695,-0.354315,-0.173378,-2.626419,-3.701019
2.221913,0.512434,-0.119427,1.352712,-0.392767,-0.339055,-0.346756,-2.626419,-3.532791
2.201556,0.706429,-0.175709,-0.127413,-0.057069,0.027161,-0.693512,-2.801514,-3.701019
2.239876,0.735169,-0.222412,-2.156863,0.461738,-0.186465,-0.346756,-2.626419,-3.701019
2.300948,0.717207,-0.181697,-3.789578,1.102617,0.042420,-0.520134,-2.976608,-3.364563
2.276998,0.567519,-0.224807,-4.232090,1.911345,0.103456,-0.693512,-2.451324,-3.532791
2.229098,0.344784,-0.211634,-3.789578,2.048676,0.133974,-0.866890,-2.451324,-3.532791
2.230296,0.117259,-0.173314,-1.912718,2.521706,-0.506905,-0.520134,-2.626419,-3.196335
2.221913,-0.057576,-0.291867,2.573434,3.177844,-1.178302,-0.693512,-2.626419,-3.532791
2.227901,-0.304261,-0.481072,9.867247,4.795300,-4.809949,-0.520134,-2.626419,-3.532791
2.150063,-0.397666,-0.216424,17.054247,6.778973,-11.203479,-0.520134,-2.451324,-3.532791
2.315318,-0.091106,0.014693,21.097887,10.166476,-16.956129,-0.520134,-2.276230,-3.364563
2.923648,0.359154,0.286526,21.036850,14.439002,-15.872739,-0.520134,-2.626419,-4.037476
3.315231,0.603444,0.880486,12.446022,13.706569,-6.885176,-0.693512,-2.801514,-3.701019
2.857786,0.925572,1.210996,8.249790,12.546884,4.513313,-0.520134,-2.801514,-3.364563
2.897303,0.729182,2.045653,2.588693,3.101549,6.405432,-0.173378,-2.801514,-3.532791
2.826651,0.984249,1.791783,-7.405966,5.466697,5.459373,-0.346756,-2.626419,-3.364563
2.099768,1.385412,2.485136,-5.757992,-1.506676,4.330205,-0.520134,-2.801514,-3.701019
1.978821,1.937459,2.847978,1.810483,-11.684443,9.182574,-0.346756,-2.801514,-3.196335
2.321306,3.454692,3.135378,18.885328,-26.607767,25.372396,-0.520134,-2.626419,-3.532791
2.678161,4.561182,3.371286,30.451668,-37.060196,43.133900,-0.520134,-3.151703,-3.532791
3.209851,4.409099,2.816843,34.586861,-42.095673,50.488747,-0.520134,-2.976608,-3.532791
3.982238,3.854656,2.210908,36.646828,-43.942017,53.113300,-0.520134,-2.451324,-3.532791
4.576198,3.507382,1.581023,40.461582,-45.330585,57.324787,-0.520134,-2.626419,-3.364563
4.609728,3.497802,1.099628,41.560234,-48.840160,60.834362,-0.520134,-2.451324,-3.364563
4.375018,3.671439,0.579913,51.005569,-51.434196,73.987640,-0.346756,-2.451324,-3.196335
4.238503,3.761251,0.255391,54.164185,-53.814602,83.417709,-0.346756,-2.451324,-3.364563
4.321131,3.852262,-0.237979,55.583275,-53.341572,91.108261,-0.520134,-1.926041,-2.859879
4.584580,3.943271,-0.574477,53.950558,-51.251087,97.059280,-0.520134,-1.926041,-3.028107
4.786959,4.142056,-1.009169,51.158157,-46.200352,102.766151,-0.173378,-1.750946,-3.028107
4.917486,4.249832,-1.525292,44.489967,-40.371403,109.144424,-0.346756,-1.575851,-3.028107
4.892338,4.271387,-2.040217,34.815746,-33.459068,115.217514,-0.000000,-1.400757,-2.859879
4.809711,4.156427,-2.380307,23.295187,-26.943464,119.871513,-0.346756,-1.400757,-3.028107
4.658826,3.894174,-2.769494,10.798047,-19.786983,122.908058,0.173378,-1.400757,-2.691650
4.486386,3.498999,-3.041327,-0.600442,-13.362936,125.883575,-0.000000,-1.050568,-3.028107
4.325921,2.958926,-3.411354,-8.367284,-6.679484,128.553909,-0.173378,-0.525284,-2.859879
4.101988,2.258389,-3.647262,-14.303043,-1.216754,129.515228,0.173378,-0.875473,-2.186966
3.949906,1.575814,-3.813714,-18.880751,4.078126,128.157166,-0.000000,-0.525284,-2.523422
3.782256,0.959102,-3.875984,-22.329288,9.022050,125.959869,0.173378,-0.175095,-2.691650
3.627778,0.320834,-3.677199,-25.381094,11.646601,122.343475,0.520134,-0.175095,-3.028107
3.425401,-0.329408,-3.599362,-25.823605,14.103304,117.628441,0.346756,-0.000000,-2.691650
3.272121,-1.068266,-3.485599,-26.052490,17.048294,110.960243,0.346756,0.350189,-2.691650
3.147581,-1.777186,-3.419737,-28.768597,19.672846,102.308380,0.173378,-0.000000,-2.691650
3.084113,-2.235828,-3.363454,-20.223545,22.892500,93.046158,0.346756,0.350189,-2.523422
3.009868,-2.524426,-3.373034,-12.044708,25.776455,86.164337,1.040268,0.700378,-2.859879
2.839823,-2.641781,-3.217359,-3.331808,28.843519,80.365906,0.346756,1.050568,-3.028107
2.609903,-2.561548,-3.043722,5.625238,32.246281,74.811623,0.693512,1.050568,-2.859879
2.347651,-2.338813,-2.859307,12.720684,34.565651,69.455704,0.693512,0.700378,-2.523422
2.122521,-2.063388,-2.638967,18.015564,37.144428,64.099792,0.693512,0.700378,-3.028107
1.782431,-1.724496,-2.058179,20.075533,37.693752,59.842525,0.693512,0.700378,-3.028107
1.377676,-1.392788,-1.658214,20.640116,38.655071,56.256657,0.693512,0.700378,-3.028107
1.103448,-1.190411,-1.182807,19.938202,39.738461,51.846802,0.693512,0.700378,-3.028107
0.881911,-1.167658,-0.642734,17.466240,39.570610,45.773708,0.693512,0.700378,-3.028107
0.722643,-0.980848,-0.191277,13.041123,38.441444,40.173649,0.693512,0.700378,-3.028107
0.550203,-0.785656,0.117678,9.256886,36.701916,36.160526,0.693512,0.700378,-3.028107
0.352616,-0.764101,0.649368,6.220340,33.482262,31.750668,0.693512,0.700378,-3.028107
0.067611,-0.820383,1.009816,2.375067,30.399939,26.364233,0.866890,1.225662,-3.701019
-0.153927,-0.874271,1.206206,0.086213,26.951401,21.618677,1.040268,1.225662,-3.532791
-0.238949,-0.839543,1.189441,0.070954,22.831465,19.100939,1.040268,1.575851,-3.364563
-0.200629,-0.895826,0.966706,2.985428,20.008545,17.987030,1.213646,1.575851,-3.532791
-0.032979,-1.136523,0.734391,7.074845,17.109331,16.827345,0.866890,1.400757,-3.532791
0.141856,-1.397578,0.523631,11.087969,15.186694,12.768445,1.213646,1.050568,-3.532791
0.349023,-1.365246,0.494891,13.910888,12.897841,9.548791,0.866890,1.225662,-3.701019
0.528648,-1.136523,0.599073,15.467308,11.402457,7.977112,0.866890,1.225662,-3.532791
0.677138,-1.113771,0.845758,16.916916,10.166476,5.352560,1.040268,1.575851,-3.701019
0.920231,-0.849123,0.619431,24.607462,11.707637,5.276265,1.040268,1.575851,-3.701019
1.063931,-0.838346,0.781093,33.366138,10.334326,8.038148,1.213646,1.400757,-3.701019
0.964538,-1.016773,0.908028,41.239796,8.304875,9.060502,1.040268,1.225662,-3.701019
0.916638,-1.011983,1.106813,53.935299,9.678187,9.411460,0.866890,1.225662,-3.532791
1.025611,-0.919776,1.958236,58.223083,0.782178,8.267034,1.040268,1.400757,-3.532791
1.206433,-0.300668,1.913928,54.576180,-0.514839,3.140002,1.040268,1.400757,-3.869247
1.730938,0.542372,2.292338,47.694359,-4.207522,-2.322728,1.040268,1.400757,-4.205704
2.162038,1.092024,2.370176,36.372166,-3.826047,-3.726558,1.213646,1.050568,-4.037476
2.948796,1.307574,2.288746,28.651102,-2.925765,-0.171206,1.387024,1.050568,-4.373932
3.136803,0.877672,2.519863,25.751888,-6.084382,3.628290,1.387024,1.575851,-3.869247
2.795516,0.444177,2.426458,24.378576,-10.936751,4.635386,1.040268,1.575851,-4.205704
2.421896,0.529199,2.644403,25.400930,-17.681238,5.245747,0.866890,1.575851,-4.037476
2.382378,0.729182,2.992876,23.188374,-24.944532,5.184711,0.693512,1.400757,-3.869247
2.817071,0.892042,3.221598,20.533302,-31.048141,4.940566,1.387024,1.225662,-4.205704
3.418216,0.920782,3.582046,16.428627,-38.097809,6.970016,1.213646,1.400757,-4.205704
3.855303,0.870487,3.746103,14.246586,-45.376362,9.350424,1.040268,1.400757,-4.037476
4.021756,0.795044,3.991591,11.789884,-52.654919,10.204929,1.213646,1.400757,-4.037476
4.084026,0.847734,3.928123,9.455254,-59.460442,9.960785,1.040268,1.400757,-3.869247
4.221738,0.942337,3.679043,5.472648,-64.999466,10.220188,1.387024,1.575851,-4.037476
4.402561,0.962694,2.929408,-0.218967,-69.928131,9.609827,1.387024,1.750946,-3.869247
4.626493,0.838154,2.222883,-5.696956,-73.010452,8.694286,0.866890,1.400757,-3.869247
4.877968,0.389092,1.287636,-9.420156,-73.788666,6.970016,1.387024,1.575851,-3.869247
5.258773,-0.422813,0.158393,-9.603265,-72.415352,4.116579,1.213646,1.575851,-3.532791
5.626406,-1.147301,-0.915764,-8.458838,-69.088890,0.195010,1.560402,1.575851,-3.364563
5.937756,-1.638276,-2.070154,-7.772183,-61.947662,-4.474250,1.213646,1.750946,-3.364563
6.209589,-1.590376,-2.661719,-6.749828,-54.363926,-7.251392,1.213646,1.750946,-3.364563
6.240723,-1.392788,-3.054499,-9.435416,-45.635769,-9.189288,1.213646,1.926041,-3.196335
6.026371,-0.924566,-3.234124,-14.623484,-37.548485,-10.745708,1.040268,1.750946,-3.364563
5.650356,-0.346173,-3.189817,-22.756542,-30.651407,-13.110856,1.040268,0.875473,-3.364563
5.276736,0.123247,-2.969476,-32.323952,-23.800106,-16.467842,1.213646,1.750946,-2.859879
5.407263,0.399869,-2.642559,-41.784546,-19.329214,-19.214464,1.387024,1.575851,-2.859879
5.016879,0.390289,-2.744347,-47.399864,-13.469748,-22.510414,1.213646,1.225662,-3.028107
5.052803,0.157974,-2.550352,-48.483253,-8.434272,-24.295719,1.040268,1.400757,-2.859879
4.834858,-0.158166,-2.541969,-44.805832,-4.970474,-25.684290,1.040268,1.400757,-2.355194
4.351068,-0.526996,-2.550352,-39.755093,-3.154650,-28.385138,1.040268,1.400757,-2.691650
3.918771,-0.903011,-3.011389,-32.659649,0.278630,-32.932327,1.040268,1.225662,-2.523422
3.953498,-1.040723,-3.625706,-25.091173,6.870527,-37.265888,1.040268,1.225662,-2.691650
4.236108,-0.815593,-4.362169,-18.453497,15.552911,-39.158009,1.560402,1.575851,-2.523422
4.366636,-0.289891,-4.804046,-15.722133,24.067446,-39.310596,1.040268,1.225662,-2.523422
4.010978,0.393882,-4.801652,-16.134127,31.086596,-37.479515,1.040268,1.225662,-2.691650
3.333193,0.908807,-4.295109,-19.246967,36.198368,-35.114365,0.693512,1.225662,-2.523422
2.621878,1.161479,-3.884367,-24.389257,38.243076,-33.924164,0.693512,0.700378,-2.859879
2.110546,1.120764,-2.878467,-28.432898,38.517738,-35.602654,0.520134,1.225662,-2.523422
1.899786,0.847734,-2.447367,-27.212175,39.006027,-39.280079,0.693512,1.050568,-2.859879
1.814763,0.574704,-1.983934,-21.764706,37.800564,-40.363468,0.866890,1.050568,-2.859879
1.709383,0.361549,-1.878554,-10.518806,35.084457,-37.189594,0.693512,1.225662,-2.691650
1.496228,-0.085118,-1.839037,2.710765,32.429390,-35.511101,0.866890,1.050568,-2.859879
1.359713,-0.391678,-1.987527,12.186618,32.658276,-39.753109,0.866890,0.875473,-3.028107
1.521376,0.051397,-2.324024,17.206837,35.557487,-43.781490,0.693512,0.700378,-3.196335
1.892601,0.804624,-2.688064,17.206837,38.822918,-42.148773,0.346756,0.875473,-3.028107
2.008758,1.560247,-3.074857,16.215000,42.240940,-37.189594,0.866890,0.525284,-3.196335
1.695013,1.950632,-3.183829,13.834593,44.606087,-31.497978,0.866890,0.700378,-2.859879
1.315406,2.066789,-2.929959,9.577326,47.367973,-28.873426,0.520134,1.050568,-3.532791
1.101053,2.126664,-2.186311,4.221408,47.017014,-26.493019,0.520134,0.350189,-3.028107
0.956156,2.100319,-1.336087,0.376135,44.758678,-22.510414,0.866890,0.350189,-3.364563
0.744198,1.743464,-0.617587,0.193027,41.477989,-20.236820,0.346756,0.875473,-3.364563
0.552598,1.306377,-0.184092,3.504234,37.464867,-20.145266,0.346756,0.525284,-3.196335
0.538228,1.074062,-0.175709,7.212177,33.909515,-20.358892,0.173378,0.350189,-3.532791
0.635226,1.093222,-0.118229,10.996414,30.735638,-20.603037,0.346756,0.350189,-3.701019
0.838801,1.293204,-0.349347,12.064546,28.629892,-20.801403,-0.000000,0.700378,-3.364563
1.113028,1.481212,-0.563699,8.829634,28.004272,-21.304951,0.346756,0.175095,-3.532791
1.459106,1.823697,-0.653512,5.808347,27.897459,-19.077133,0.346756,0.175095,-3.701019
1.774048,1.854832,-0.835532,1.841001,29.881132,-16.559395,0.346756,0.350189,-4.037476
1.968043,1.755439,-0.840322,-1.943236,31.681698,-13.782253,0.346756,0.350189,-3.701019
1.928526,1.338709,-0.592439,-4.888228,33.085526,-12.790417,0.520134,0.525284,-3.701019
1.792011,0.917189,-0.533762,-5.345998,34.107880,-13.202411,0.693512,0.175095,-4.205704
1.636336,0.811809,-0.358927,-3.560693,34.107880,-11.111924,0.346756,-0.000000,-4.037476
1.480661,0.730379,-0.139784,-0.707256,32.871902,-9.204547,0.173378,-0.000000,-4.037476
1.354923,0.500459,0.051816,1.673152,32.261539,-9.906462,0.520134,0.350189,-4.373932
1.348936,0.569914,0.286526,2.680247,30.842451,-11.340810,0.173378,-0.000000,-4.542160
1.297443,0.739959,0.490101,2.649729,28.187382,-10.959334,-0.173378,0.350189,-3.869247
1.123806,0.790254,0.642183,1.322194,26.280003,-12.012207,0.346756,0.175095,-4.542160
1.055548,0.933954,0.602666,0.330358,23.975891,-12.439460,0.520134,-0.000000,-4.373932
1.125003,1.113579,0.395498,-0.691997,22.327917,-12.027466,0.520134,-0.000000,-4.373932
1.275888,1.224947,0.378733,-2.797742,21.824369,-10.913557,0.520134,-0.000000,-4.373932
1.383663,1.283624,0.482916,-4.781415,21.168230,-13.400778,0.520134,-0.000000,-4.373932
1.308221,1.262069,0.649368,-4.857710,19.215076,-7.327688,0.520134,-0.000000,-4.373932
0.996871,1.208182,0.921201,-3.865873,16.010681,-4.321660,0.520134,-0.000000,-4.373932
0.775333,1.096814,1.011013,-2.782483,12.577401,-2.429542,0.520134,-0.000000,-4.373932
0.590918,0.700442,1.312783,-4.079500,6.641642,-3.589227,0.520134,-0.000000,-4.373932
0.595708,-0.513823,1.842078,1.993591,-1.491417,-6.259556,-0.000000,-0.175095,-4.710388
0.673546,-1.441886,1.854053,18.747997,-5.626612,-8.350041,-0.173378,-0.000000,-4.710388
1.078301,-0.649141,1.245723,39.301899,-6.694743,-5.084611,-0.000000,-0.175095,-4.205704
1.456711,0.220244,0.966706,42.613106,-6.130159,-8.472114,-0.000000,-0.000000,-4.542160
1.929723,1.318352,0.680503,35.090408,-4.726329,-10.822003,0.346756,-0.175095,-4.542160
2.287776,2.136244,0.441003,22.211796,-1.811856,-9.387655,-0.346756,-0.000000,-4.373932
2.271011,2.503876,0.413461,5.915160,0.812696,-7.037766,0.346756,-0.000000,-4.542160
2.118928,2.253599,0.225453,-8.870832,3.071031,-7.434501,0.173378,-0.000000,-4.373932
1.963253,1.663232,0.035051,-18.072021,4.963150,-8.899366,0.173378,-0.000000,-4.542160
1.847096,1.022569,-0.145772,-19.124895,6.443274,-9.433432,0.173378,-0.000000,-4.373932
1.790813,0.531594,-0.215227,-14.928663,7.648737,-9.341878,0.173378,-0.175095,-4.542160
1.629151,0.356759,-0.017639,-7.695888,7.068895,-8.548409,0.346756,-0.175095,-4.542160
1.408811,0.415437,0.179948,-1.195544,6.443274,-6.717327,0.173378,-0.000000,-4.542160
1.213618,0.925572,0.054211,5.838865,5.344625,-4.016480,0.173378,-0.350189,-4.373932
1.049561,1.102802,0.252996,7.181659,4.505379,-4.672618,-0.173378,-0.000000,-4.542160
1.007648,1.227342,0.582308,2.069886,3.940795,-6.991989,0.346756,-0.000000,-4.205704
0.932206,1.409362,0.694873,-6.536202,2.155490,-7.663386,0.173378,-0.350189,-4.542160
0.679533,1.287217,0.863721,-13.662165,-1.903410,-5.862822,0.173378,-0.000000,-4.542160
0.347826,0.753132,1.027778,-14.745556,-6.389563,-2.475318,-0.173378,-0.350189,-4.542160
-0.036572,-0.006083,1.252908,-9.725337,-13.042497,-1.254597,0.173378,-0.000000,-4.542160
-0.302417,-0.531786,1.644491,-0.295262,-20.382086,-0.598459,-0.000000,-0.000000,-4.710388
-0.379057,-0.876666,1.965421,10.981155,-26.867170,2.178683,-0.173378,0.175095,-4.710388
-0.210209,-0.821581,2.081578,21.464104,-33.108109,-2.612650,-0.000000,-0.000000,-4.373932
-0.040164,-0.435986,2.325868,29.551386,-38.906540,-1.407187,0.173378,-0.525284,-4.542160
-0.029387,0.131629,2.345028,35.059891,-43.346912,0.988479,0.173378,-0.000000,-4.037476
-0.103632,0.611827,2.328264,36.952007,-48.016174,2.895857,0.346756,-0.000000,-4.037476
-0.173087,1.035742,2.055233,35.151443,-51.281605,4.849012,-0.000000,-0.175095,-4.373932
-0.201827,1.394992,1.700773,29.612421,-53.250019,7.061570,-0.173378,-0.000000,-4.037476
-0.167099,1.638084,1.341523,25.828184,-54.867474,8.846876,-0.173378,-0.000000,-4.205704
-0.125187,1.633294,1.205008,11.484703,-56.469673,9.686122,0.173378,0.175095,-4.542160
-0.079682,1.469237,1.028976,0.605020,-57.141071,9.197834,0.346756,-0.525284,-3.869247
0.132276,1.244107,0.731996,-5.407034,-56.423897,7.824522,0.346756,-0.000000,-4.037476
0.417281,1.252489,0.377536,-13.219653,-55.340504,7.595636,-0.000000,-0.175095,-3.869247
0.533438,1.245304,-0.003269,-23.580528,-52.975357,8.175479,0.520134,0.175095,-3.701019
0.563376,1.151899,-0.378087,-24.923323,-49.404747,7.534600,0.346756,-0.175095,-4.037476
0.571758,1.117172,-0.831939,-33.422600,-46.322422,6.664835,0.346756,0.350189,-3.364563
0.552598,1.026162,-1.295372,-36.733807,-43.285877,6.268101,0.346756,0.175095,-3.196335
0.549006,0.874079,-1.696534,-38.610668,-39.669491,5.138933,-0.000000,0.175095,-3.364563
0.649596,0.704034,-2.074944,-39.221027,-35.488518,3.246815,0.173378,0.175095,-3.701019
0.836406,0.573507,-2.444972,-39.724575,-32.009460,0.561227,0.173378,-0.175095,-3.196335
1.055548,0.498064,-2.686867,-39.846649,-27.721676,-2.337987,0.693512,0.175095,-3.364563
1.268703,0.393882,-2.939539,-41.326775,-22.854048,-5.328756,0.173378,-0.000000,-3.532791
1.504611,0.264552,-3.070067,-43.356224,-18.657816,-8.792553,0.520134,0.350189,-2.859879
1.649508,0.210664,-3.192212,-43.615627,-14.659952,-11.661249,0.173378,-0.000000,-2.691650
1.740518,0.084927,-3.237716,-42.333870,-11.211413,-13.705958,0.346756,0.350189,-3.196335
1.794406,-0.061168,-3.114374,-39.785614,-7.610284,-16.162661,0.346756,-0.350189,-2.523422
1.880626,-0.172536,-2.823382,-40.457008,-4.878920,-18.176851,0.520134,0.175095,-2.859879
1.939303,-0.183313,-2.776679,-32.537579,-1.705043,-20.740368,0.173378,-0.000000,-2.691650
1.996783,-0.110266,-2.692854,-28.554970,1.651942,-23.090256,0.520134,-0.175095,-2.691650
2.129706,-0.001293,-2.733569,-25.701532,4.596933,-25.455404,-0.000000,-0.175095,-2.523422
2.320108,0.059779,-2.785062,-24.175631,7.541924,-28.171511,0.346756,-0.350189,-2.859879
2.577571,0.025052,-2.911997,-25.182726,11.417716,-31.742123,-0.000000,-0.000000,-2.859879
2.836231,-0.002491,-3.011389,-27.364767,15.446097,-37.113297,0.520134,-0.350189,-2.859879
3.062558,-0.055181,-3.134732,-30.279240,19.794918,-43.247425,-0.000000,-0.000000,-2.018738
3.170333,0.059779,-3.071264,-33.361565,23.487602,-48.389713,-0.000000,-0.350189,-2.523422
3.123631,0.298082,-3.059289,-35.238422,27.348135,-52.006104,0.173378,-0.000000,-2.691650
3.080521,0.375919,-2.958699,-38.885330,31.391775,-55.622490,-0.000000,-0.525284,-3.028107
3.106866,0.453757,-2.889244,-41.448845,34.397804,-58.643776,-0.000000,-0.700378,-2.859879
3.252961,0.476509,-2.779074,-41.570919,36.534065,-59.483025,-0.000000,-0.525284,-3.028107
3.353551,0.256169,-2.710817,-39.846649,39.463799,-60.429085,-0.000000,-0.700378,-2.859879
3.506831,-0.063563,-2.581486,-35.909821,41.416954,-62.443275,-0.173378,-0.875473,-2.859879
3.617001,-0.291088,-2.399467,-31.408409,43.812618,-65.159386,-0.346756,-1.225662,-2.859879
3.757108,-0.264743,-2.191102,-24.343481,45.811550,-66.929428,-0.520134,-1.225662,-3.028107
3.731961,-0.105476,-1.834247,-16.713970,46.696575,-66.776840,-0.000000,-1.575851,-2.691650
3.528386,0.126839,-1.416319,-9.771114,47.444267,-66.471657,-0.346756,-1.400757,-2.859879
3.298466,0.439387,-1.085809,-5.193408,46.269321,-67.356682,-0.520134,-1.050568,-3.028107
3.183506,0.823784,-0.763682,-2.523079,44.758678,-67.326164,-0.173378,-1.400757,-3.364563
3.267331,1.123159,-0.530169,-1.882200,43.568474,-66.822617,-0.346756,-1.926041,-3.364563
3.514016,1.301587,-0.629562,-1.042954,43.171741,-65.815521,-0.173378,-1.750946,-3.364563
3.910388,1.343499,-0.805594,0.711833,43.904175,-64.442207,-0.346756,-1.926041,-3.028107
4.125938,1.416547,-0.786434,0.528725,45.079117,-63.404594,-0.346756,-1.750946,-3.532791
4.093606,1.713527,-0.616389,-1.622797,44.499275,-60.719006,-0.173378,-1.750946,-3.364563
3.888833,1.834474,-0.402037,-6.215763,44.926529,-57.987640,-0.520134,-1.575851,-3.869247
3.687653,1.659639,0.000323,-11.052872,44.133060,-56.690624,-0.346756,-2.101135,-3.701019
3.597841,1.559049,0.532013,-16.469826,41.752651,-54.951096,-0.346756,-2.276230,-3.701019
3.552336,1.435707,0.851746,-17.812618,40.516670,-52.341801,-0.346756,-2.276230,-3.701019
3.520003,1.119567,1.212193,-20.986496,37.220722,-49.351032,-0.520134,-2.276230,-3.532791
3.407438,0.845339,1.282846,-12.700847,34.809795,-47.245289,-0.346756,-2.276230,-4.037476
3.337983,0.565124,1.214588,-4.003204,31.300220,-44.712292,-0.346756,-2.626419,-4.205704
3.258948,0.391487,1.149923,5.716793,27.943237,-41.309528,-0.346756,-2.801514,-3.869247
3.088903,0.317242,1.148726,14.994278,24.418402,-38.593422,-0.693512,-2.451324,-4.373932
2.965561,0.432202,1.147528,22.608530,21.488670,-36.945450,-0.520134,-2.801514,-3.869247
2.675766,0.784267,1.175071,25.248341,18.650492,-34.854961,-0.693512,-2.626419,-3.869247
3.099681,1.045322,1.002631,24.470131,18.116426,-31.909971,-0.693512,-2.626419,-3.869247
3.148778,1.100407,1.142738,22.135500,16.285343,-28.919203,-0.693512,-2.626419,-3.869247
3.011066,1.011792,1.264883,19.556726,14.789960,-26.523537,-0.693512,-2.626419,-3.869247
2.807491,0.888449,1.439718,17.939270,11.890745,-24.585640,-0.693512,-2.626419,-3.869247
2.462611,0.820192,1.748673,17.481499,8.457465,-23.303883,-0.693512,-2.626419,-3.869247
2.048276,0.848932,1.836091,17.359426,4.856337,-22.479897,-0.693512,-2.626419,-3.869247
1.687828,0.865697,1.739093,17.527275,1.117876,-21.106585,-0.693512,-2.626419,-3.869247
1.486648,0.860907,1.644491,17.603571,-2.193332,-21.106585,-0.693512,-2.626419,-3.869247
1.483056,1.038137,1.484026,16.855879,-5.565576,-19.199205,-0.693512,-2.626419,-4.373932
1.586041,1.354277,1.097233,17.267872,-7.060960,-15.765926,-0.693512,-3.151703,-4.373932
1.736926,1.525519,0.755946,15.360495,-7.244068,-12.256351,-0.520134,-2.801514,-4.373932
1.724951,1.190219,0.460163,12.400245,-5.779202,-11.356069,-0.346756,-3.151703,-4.373932
1.784826,0.993829,0.195516,14.979019,-4.558480,-10.242160,-0.520134,-2.976608,-4.037476
1.656693,0.516027,0.245811,16.153963,-5.031510,-8.502632,-0.520134,-2.976608,-4.373932
1.529758,0.278922,0.033853,17.832457,-4.283818,-7.419241,-0.693512,-3.326797,-4.373932
1.421983,0.368734,2.004938,30.924698,-5.611352,0.347600,-0.520134,-3.326797,-4.373932
0.689113,-0.449158,3.869446,39.546043,-15.102464,3.460441,-0.520134,-2.976608,-4.037476
-0.282059,-0.343778,3.972431,49.845882,-24.837721,1.324178,-0.693512,-3.151703,-4.205704
-0.714357,0.383104,2.905458,49.906918,-30.193636,-0.583200,-0.346756,-2.801514,-4.205704
1.017228,0.802229,-0.895407,15.253681,-46.597084,-17.597010,-0.693512,-3.151703,-4.373932
3.126026,3.168489,-1.712102,14.933242,-24.212101,-10.104829,-0.173378,-2.976608,-4.037476
4.558236,2.071579,0.068581,-13.463798,-18.535744,-2.933089,-0.693512,-3.326797,-4.373932
3.246973,2.278747,-0.034404,-13.830014,-11.913328,6.023957,-0.693512,-3.151703,-4.037476
1.335763,1.062087,1.349906,-18.331425,-13.805448,-3.955444,-0.693512,-3.151703,-4.037476
0.519068,1.256082,1.748673,-16.271458,-18.795147,-8.533150,-0.520134,-3.151703,-4.037476
0.849578,1.557852,1.510371,-17.110704,-23.174486,-4.825208,-0.520134,-3.151703,-4.373932
1.667471,1.277637,0.458966,-17.614252,-23.449150,-0.781567,-0.693512,-3.151703,-3.701019
2.538053,0.913597,-0.598427,-15.050735,-19.451286,0.713817,-0.346756,-2.976608,-4.037476
2.818268,0.337599,-0.716979,-13.768978,-14.720988,-0.094911,-0.520134,-3.326797,-4.037476
2.516498,0.053792,-0.653512,-12.822919,-10.540016,-1.575036,-0.173378,-3.501892,-3.701019
1.994388,-0.015663,-0.345754,-8.489356,-9.288776,-0.323796,-0.866890,-2.976608,-3.869247
1.486648,0.068162,0.063791,-4.201572,-10.952010,1.354696,-0.693512,-3.326797,-3.869247
1.241161,0.181924,0.050618,0.620279,-11.562371,1.476768,-0.693512,-3.151703,-3.701019
1.509401,0.213059,-0.079909,5.884642,-11.638666,1.247883,-0.693512,-3.326797,-3.532791
1.854281,0.359154,-0.266719,9.409476,-10.677348,1.888762,-0.520134,-3.151703,-4.373932
2.067436,0.494472,-0.364914,10.721752,-8.769970,2.132906,-0.346756,-3.151703,-3.701019
2.083003,0.696849,-0.288274,11.072710,-6.664225,2.407568,-0.520134,-3.326797,-3.364563
2.011153,0.924374,-0.091884,9.058518,-5.489280,2.621195,-0.520134,-3.151703,-3.869247
1.856676,1.195009,-0.083502,7.303731,-4.421149,2.834821,-0.693512,-2.801514,-3.701019
1.866256,1.312364,-0.102662,2.863355,-3.139391,2.377050,-0.346756,-3.151703,-4.205704
2.000376,1.414152,-0.018837,-1.195544,-1.521935,2.850080,-0.346756,-3.151703,-3.701019
2.136891,1.330327,-0.084699,-1.485466,-0.087587,3.307851,-0.346756,-2.976608,-3.869247
2.115336,1.181837,-0.151759,-8.840314,1.835050,3.811399,-0.346756,-3.151703,-3.869247
1.999178,1.041729,-0.132599,-12.456702,2.155490,3.399405,-0.520134,-3.151703,-3.532791
1.908168,0.939942,-0.094279,-13.906309,3.009995,3.445182,-0.173378,-2.801514,-3.869247
1.841108,0.760317,-0.102662,-15.142290,2.796369,3.567254,-0.173378,-2.801514,-3.701019
1.772851,0.623802,-0.146969,-14.760815,2.277562,4.162356,-0.693512,-2.801514,-4.037476
1.746506,0.429807,-0.229597,-12.716105,1.880827,3.933471,-0.520134,-2.801514,-4.037476
1.789616,0.245392,-0.221214,-10.595101,1.606165,3.048447,-0.520134,-2.976608,-3.701019
1.772851,0.140012,-0.309829,-6.292058,1.438315,1.888762,-0.520134,-2.976608,-3.701019
1.796801,0.088519,-0.284682,-1.821164,0.797437,0.927443,-0.693512,-2.976608,-4.037476
1.768061,0.217849,-0.253547,1.322194,0.263371,0.317082,-0.346756,-2.976608,-3.701019
1.765666,0.402264,-0.281089,3.946746,0.156558,0.805371,-0.520134,-2.976608,-3.869247
1.814763,0.567519,-0.190079,3.885710,0.293889,0.851148,-0.346756,-3.151703,-3.532791
1.839911,0.749539,-0.137389,2.726024,0.538033,0.591745,-0.520134,-2.976608,-3.869247
1.843503,0.915992,-0.087094,0.452430,0.690623,0.683299,-0.346756,-3.501892,-3.364563
1.795603,1.099209,-0.070329,-2.111086,0.812696,0.500191,-0.866890,-2.801514,-4.037476
1.801591,1.131542,-0.020034,-6.459907,0.950027,0.790112,-0.866890,-3.326797,-4.037476
1.781233,1.022569,-0.003269,-10.244144,0.629587,0.774853,-0.693512,-2.801514,-3.701019
1.722556,0.775884,-0.042787,-12.960250,-0.057069,-0.567941,-0.693512,-3.151703,-3.869247
1.781233,0.910004,-0.131402,-13.234912,0.202335,-1.407187,-0.346756,-2.801514,-3.701019
1.863861,0.389092,-0.222412,-12.227817,0.705882,-1.544518,-0.520134,-3.151703,-3.364563
1.918946,0.233417,-0.266719,-9.603265,1.209430,-1.575036,-0.520134,-3.151703,-3.532791
1.918946,0.122049,-0.235584,-6.688792,1.346761,-1.666590,-1.040268,-2.976608,-3.701019
1.827936,0.086124,-0.215227,-4.262608,1.590906,-1.483482,-0.173378,-3.326797,-4.037476
1.760876,0.126839,-0.251152,-1.470207,1.438315,-1.498741,-0.693512,-3.326797,-4.037476
1.765666,0.178332,-0.134994,0.360876,1.102617,-1.514000,-0.520134,-2.801514,-3.869247
1.778838,0.357957,-0.173314,1.123827,1.163653,-1.452964,-0.693512,-2.801514,-4.037476
1.790813,0.401067,-0.046379,1.123827,0.782178,-0.613718,-0.173378,-3.151703,-3.532791
1.760876,0.504052,-0.096674,1.062791,0.629587,0.088197,-0.520134,-3.151703,-3.364563
1.777641,0.525607,-0.119427,0.162509,0.629587,0.133974,-0.520134,-3.326797,-3.869247
1.787221,0.561532,-0.087094,-0.936141,0.568551,0.423896,-0.693512,-2.976608,-3.364563
1.793208,0.574704,-0.077514,-2.233158,0.751659,0.408637,-0.693512,-3.151703,-3.701019
1.863861,0.614222,-0.150562,-2.736706,1.300984,0.225528,-0.866890,-3.151703,-3.701019
1.859071,0.621407,-0.204449,-3.499657,1.880827,0.820630,-0.520134,-2.976608,-3.869247
1.842306,0.543569,-0.157747,-3.392844,2.292821,1.049515,-0.693512,-3.151703,-3.869247
1.824343,0.448967,-0.231992,-3.347067,2.277562,1.064775,-0.866890,-2.976608,-3.701019
1.777641,0.313649,-0.150562,-2.065309,2.536965,0.835889,-0.693512,-3.151703,-3.532791
1.744111,0.294489,-0.180499,-1.790646,2.124972,1.003738,-0.693512,-2.801514,-3.701019
1.758481,0.272934,-0.179302,0.116732,2.018158,1.308919,-0.693512,-3.151703,-3.701019
1.774048,0.228627,-0.161339,1.062791,2.002899,1.385214,-0.346756,-3.151703,-3.869247
1.759678,0.351969,-0.094279,1.261158,1.392538,1.095293,-0.866890,-2.976608,-3.701019
1.750098,0.493274,-0.087094,0.940719,1.316243,1.934539,-0.693512,-2.976608,-3.532791
1.744111,0.496867,-0.109847,0.254063,1.102617,2.132906,-0.693512,-3.151703,-3.869247
1.728543,0.469324,-0.146969,-0.432593,0.950027,1.446250,-0.346756,-2.976608,-3.869247
1.757283,0.524409,-0.131402,-1.012436,1.377279,1.553063,-0.520134,-2.976608,-3.869247
1.806381,0.550754,-0.146969,-1.531243,1.529870,1.842985,-0.520134,-3.676987,-3.532791
1.772851,0.459744,-0.180499,-1.119249,1.789273,1.751431,-0.520134,-2.976608,-3.532791
2.047078,0.371129,-0.088292,-1.119249,1.835050,1.446250,-0.346756,-2.976608,-3.532791
1.687828,0.265749,-0.161339,0.467689,1.529870,1.247883,-0.520134,-3.151703,-3.869247
1.687828,0.155579,-0.170919,2.252995,1.316243,0.607004,-0.520134,-3.151703,-3.869247
1.721358,0.179529,-0.267917,4.862287,1.209430,0.378119,-0.520134,-3.151703,-3.869247
1.750098,0.208269,-0.269114,7.212177,0.888991,0.195010,-0.520134,-3.151703,-3.869247
1.736926,0.277724,-0.139784,7.822538,0.812696,0.378119,-0.520134,-3.151703,-3.869247
1.621966,0.498064,0.075766,5.716793,-0.377508,0.179751,-0.520134,-3.151703,-3.869247
1.581251,0.906412,0.012298,2.573434,-0.606394,0.347600,-0.520134,-3.151703,-3.869247
1.674656,1.064482,-0.087094,-0.630961,-0.865797,0.607004,-0.520134,-3.151703,-3.869247
1.793208,1.007002,-0.192474,-3.453880,-0.163882,0.164492,-0.520134,-3.151703,-3.869247
1.833923,0.838154,-0.174512,-6.383612,0.217594,0.439155,-0.520134,-2.976608,-4.037476
1.751296,0.607037,-0.143377,-7.253376,0.217594,0.713817,-0.866890,-3.326797,-3.701019
1.635138,0.275329,-0.158944,-6.490425,-0.377508,0.240787,-0.520134,-3.151703,-4.037476
1.648311,0.056187,-0.163734,-4.583047,-0.636912,-0.613718,-0.520134,-3.326797,-3.532791
1.721358,0.003497,-0.291867,-0.722515,-0.850538,-1.025711,-0.520134,-3.326797,-3.869247
1.786023,0.054989,-0.263127,2.634470,-0.758984,-1.193561,-0.693512,-2.976608,-4.205704
1.793208,0.199887,-0.163734,4.221408,-0.850538,-0.888380,-0.693512,-2.801514,-3.869247
1.706988,0.335204,-0.117032,4.541848,-0.957351,-0.674754,-0.693512,-3.151703,-3.869247
1.678248,0.569914,-0.002072,3.412680,-1.506676,-0.979934,-0.693512,-2.626419,-3.701019
1.718963,0.803427,-0.069132,1.352712,-1.170977,-0.888380,-0.346756,-2.976608,-3.869247
1.806381,0.888449,-0.111044,-0.600442,-0.881056,-0.140688,-0.346756,-3.151703,-3.701019
1.848293,0.809414,-0.162537,-2.599375,-0.148623,-0.003357,-0.346756,-2.976608,-3.701019
1.820751,0.665714,-0.139784,-4.155795,-0.209659,0.561227,-0.693512,-3.501892,-4.205704
1.732136,0.432202,-0.102662,-5.223926,-0.316472,0.713817,-0.520134,-2.976608,-4.037476
1.699803,0.366339,-0.132599,-4.644083,-0.560616,0.561227,-0.520134,-2.976608,-3.869247
1.763271,0.275329,-0.176907,-3.652247,-0.057069,0.027161,-0.866890,-2.976608,-3.869247
1.831528,0.266947,-0.245164,-1.515984,-0.041810,0.256046,-0.173378,-3.151703,-3.532791
1.843503,0.232219,-0.176907,0.238804,0.675364,0.469673,-0.520134,-3.326797,-3.701019
1.768061,0.209467,-0.175709,2.329290,0.339666,0.408637,-0.693512,-3.501892,-3.701019
1.698606,0.266947,-0.118229,2.542916,0.187076,0.133974,-0.866890,-3.151703,-3.869247
1.712976,0.357957,-0.155352,3.443198,0.339666,0.057679,-0.693512,-2.976608,-4.037476
1.765666,0.445374,-0.175709,2.527657,0.568551,0.011902,-0.346756,-3.151703,-3.532791
1.754888,0.591469,-0.136192,1.245899,0.614328,0.576486,-0.520134,-2.801514,-3.701019
1.766863,0.617814,-0.117032,-0.188449,0.568551,0.591745,-0.520134,-3.151703,-4.037476
1.702198,0.619012,-0.046379,-2.278935,0.049744,0.957961,-0.693512,-2.801514,-4.037476
1.690223,0.537582,-0.085897,-2.813001,0.171817,0.729076,-0.866890,-3.151703,-3.364563
1.766863,0.478904,-0.173314,-2.660411,0.354925,0.393378,-0.520134,-3.326797,-3.532791
1.845898,0.438189,-0.240374,-2.019532,0.705882,0.545968,-0.346756,-2.801514,-4.037476
1.794406,0.298082,-0.239177,-0.737774,1.072099,0.637522,-0.520134,-2.801514,-3.701019
1.716568,0.256169,-0.236782,0.589761,1.072099,0.240787,-0.346756,-3.151703,-3.869247
1.685433,0.277724,-0.214029,1.963073,0.904250,-0.033875,-0.520134,-3.151703,-3.701019
1.708186,0.294489,-0.202054,2.893873,0.324407,0.195010,-0.520134,-3.326797,-4.373932
1.730938,0.330414,-0.167327,3.962005,0.126040,0.362860,-0.693512,-2.976608,-3.701019
1.734531,0.359154,-0.102662,3.962005,-0.026551,0.286564,-0.173378,-3.151703,-3.869247
1.689026,0.520817,-0.039194,3.122759,-0.408026,0.408637,-0.693512,-3.151703,-3.869247
1.701001,0.626197,-0.076317,1.932555,-0.713207,0.896925,-0.520134,-2.976608,-3.869247
1.717766,0.629789,-0.126612,0.498207,-1.109941,0.744335,-0.866890,-2.976608,-3.869247
1.730938,0.597457,-0.140982,-0.691997,-1.170977,0.957961,-0.346756,-2.801514,-3.701019
1.770456,0.578297,-0.112242,-1.683833,-1.216754,1.003738,-0.346756,-2.976608,-4.037476
1.778838,0.499262,-0.146969,-2.065309,-0.835279,0.530709,-0.866890,-2.626419,-3.701019
1.763271,0.457349,-0.249954,-1.653315,-0.423285,0.011902,-0.520134,-2.976608,-3.869247
1.753691,0.368734,-0.223609,-0.280003,-0.255436,-0.293278,-0.520134,-2.976608,-3.701019
1.766863,0.328019,-0.205647,1.123827,-0.438544,-0.583200,-0.520134,-2.801514,-3.869247
1.742913,0.360352,-0.119427,1.673152,-0.530098,-0.674754,-0.693512,-2.976608,-3.869247
1.714173,0.432202,-0.073922,0.925460,-0.484321,-0.766308,-0.693512,-3.326797,-3.701019
1.723753,0.575902,-0.142179,0.193027,-0.102846,-0.751049,-0.693512,-2.801514,-3.869247
1.829133,0.626197,-0.149364,-0.447852,0.080262,-0.567941,-0.866890,-2.976608,-4.037476
1.827936,0.566322,-0.163734,-1.241321,0.721141,-0.430610,-0.693512,-2.976608,-3.869247
1.783628,0.507644,-0.155352,-2.202640,0.507515,0.317082,-0.520134,-3.151703,-3.364563
1.702198,0.414239,-0.134994,-2.477302,0.507515,0.957961,-0.520134,-3.326797,-3.869247
1.641126,0.337599,-0.028417,-2.568856,-0.575875,0.759594,-0.346756,-2.976608,-3.532791
1.671063,0.307662,-0.061947,-2.584116,-0.835279,0.545968,-0.693512,-2.976608,-3.196335
1.734531,0.330414,-0.168524,-2.019532,-0.881056,-0.003357,-0.520134,-3.326797,-3.532791
1.832726,0.365142,-0.205647,-0.280003,-0.316472,0.118715,-0.173378,-2.801514,-3.701019
1.862663,0.386697,-0.239177,0.406653,0.339666,0.195010,-0.520134,-2.976608,-4.037476
1.835121,0.355562,-0.258337,1.642634,0.812696,0.103456,-0.520134,-3.151703,-3.869247
1.768061,0.383104,-0.176907,1.749447,1.087358,0.088197,-0.346756,-2.976608,-3.532791
1.704593,0.451362,-0.167327,1.718929,0.888991,0.225528,-0.693512,-2.976608,-4.037476
1.706988,0.499262,-0.175709,1.734188,0.782178,0.011902,-0.693512,-3.151703,-3.701019
1.747703,0.498064,-0.139784,1.215381,0.690623,0.011902,-0.520134,-3.151703,-3.869247
1.772851,0.597457,-0.057157,-0.005341,0.751659,0.515450,-0.346756,-3.326797,-3.532791
1.722556,0.529199,-0.026022,2.436103,0.309148,0.530709,-0.693512,-2.801514,-3.869247
1.665076,0.471719,-0.188882,-1.805905,0.034485,0.057679,-0.693512,-3.326797,-3.869247
1.772851,0.435794,-0.123019,-2.019532,0.232853,0.393378,-0.520134,-2.976608,-3.532791
1.820751,0.445374,-0.168524,-1.668574,0.904250,0.729076,-0.693512,-2.976608,-3.869247
1.784826,0.414239,-0.184092,-1.500725,0.904250,0.851148,-0.693512,-3.151703,-3.701019
1.685433,0.342389,-0.182894,-0.859846,0.721141,0.896925,-0.520134,-2.801514,-3.869247
1.675853,0.304069,-0.184092,0.452430,0.583810,0.607004,-0.693512,-2.976608,-3.532791
1.738123,0.331612,-0.194869,1.169604,0.461738,0.133974,-0.520134,-3.151703,-3.532791
1.750098,0.402264,-0.198462,1.871519,0.415961,0.240787,-0.520134,-3.151703,-3.869247
1.774048,0.420227,-0.137389,1.993591,0.293889,0.622263,-0.520134,-3.151703,-3.701019
1.726148,0.452559,-0.096674,1.306935,-0.087587,0.561227,-0.520134,-3.326797,-4.037476
1.673458,0.463337,-0.144574,1.001755,-0.499580,0.423896,-0.693512,-3.326797,-3.701019
1.752493,0.463337,-0.148167,0.482948,0.065003,0.286564,-0.693512,-2.976608,-4.037476
1.801591,0.489682,-0.124217,-0.035859,0.065003,0.378119,-0.693512,-3.151703,-3.869247
1.741716,0.520817,-0.114637,-0.463111,0.248112,0.011902,-1.040268,-2.976608,-3.869247
1.739321,0.535187,-0.125414,-1.271839,0.080262,-0.018616,-0.520134,-2.976608,-4.037476
1.720161,0.581889,-0.129007,-1.866941,0.476997,-0.125429,-0.520134,-2.801514,-3.701019
1.764468,0.504052,-0.173314,-1.973755,0.660105,0.011902,-0.520134,-2.976608,-4.205704
1.764468,0.434597,-0.191277,-1.683833,0.797437,-0.033875,-0.520134,-2.801514,-3.869247
1.734531,0.390289,-0.142179,-1.424430,0.873732,0.149233,-0.866890,-3.151703,-3.869247
1.714173,0.369932,-0.127809,-0.875105,0.522774,-0.003357,-0.866890,-2.801514,-4.037476
1.726148,0.350772,-0.186487,-0.356298,0.644846,-0.232242,-0.693512,-2.976608,-3.701019
1.732136,0.300477,-0.134994,0.238804,0.263371,0.149233,-0.693512,-2.976608,-3.701019
1.709383,0.306464,-0.169722,0.986496,-0.011292,-0.339055,-0.693512,-2.976608,-3.701019
1.727346,0.325624,-0.156549,1.551080,0.187076,-0.400092,-0.693512,-2.976608,-3.701019
1.754888,0.387894,-0.217622,1.032273,0.278630,-0.598459,-0.693512,-2.976608,-3.701019
1.747703,0.504052,-0.133797,0.620279,0.095522,-0.537423,-0.693512,-2.976608,-3.701019
1.732136,0.616617,-0.117032,-0.600442,0.248112,-0.018616,-0.693512,-2.976608,-3.701019
1.744111,0.648949,-0.088292,-1.821164,0.278630,0.347600,-0.693512,-2.976608,-3.701019
1.744111,0.605839,-0.075119,-2.858778,0.919509,0.103456,-0.520134,-3.326797,-3.532791
1.753691,0.463337,-0.132599,-3.179217,0.797437,-0.018616,-0.693512,-2.976608,-3.869247
1.742913,0.317242,-0.168524,-2.675670,0.888991,0.179751,-0.866890,-2.976608,-3.532791
1.691421,0.220244,-0.221214,-1.073472,0.690623,-0.079652,-0.866890,-3.151703,-3.532791
1.703396,0.208269,-0.197264,0.376135,0.324407,-0.216983,-0.520134,-2.801514,-4.037476
1.693816,0.240602,-0.167327,1.505303,0.232853,0.179751,-0.520134,-2.801514,-4.037476
1.675853,0.319637,-0.125414,2.634470,-0.026551,-0.003357,-0.866890,-2.976608,-3.869247
1.729741,0.454954,-0.076317,2.069886,-0.209659,0.103456,-0.520134,-2.801514,-4.037476
1.783628,0.550754,-0.022429,1.047532,0.263371,0.439155,-0.520134,-2.976608,-4.037476
1.760876,0.604642,-0.087094,-0.554665,0.003967,0.515450,-0.693512,-3.326797,-4.205704
1.657891,0.571112,-0.133797,-1.744869,0.110781,0.500191,-0.520134,-2.801514,-4.037476
1.684236,0.494472,-0.191277,-2.416266,0.370184,0.133974,-0.520134,-2.976608,-3.701019
1.744111,0.431004,-0.070329,-2.446784,0.187076,0.362860,-0.520134,-3.326797,-3.701019
1.756086,0.431004,-0.156549,-2.126345,0.278630,0.500191,-0.693512,-3.326797,-3.701019
1.710581,0.314847,-0.134994,-1.439689,0.690623,0.088197,-0.520134,-3.151703,-3.869247
1.730938,0.299279,-0.146969,-0.768292,0.629587,0.118715,-0.520134,-3.326797,-3.869247
1.712976,0.221442,-0.118229,0.238804,0.187076,-0.232242,-0.866890,-2.801514,-3.701019
1.659088,0.210664,-0.185289,2.024109,0.034485,-0.018616,-1.040268,-2.976608,-3.701019
1.729741,0.199887,-0.169722,3.565270,0.156558,-0.216983,-0.520134,-3.151703,-4.037476
1.766863,0.271737,-0.166129,3.595788,0.492256,-0.049134,-0.520134,-3.151703,-3.869247
1.728543,0.512434,-0.090687,3.076982,-0.041810,0.393378,-0.520134,-2.976608,-3.701019
1.696211,0.660924,-0.133797,1.520562,0.171817,0.637522,-0.346756,-2.976608,-3.869247
1.712976,0.677689,-0.064342,-0.524147,0.415961,0.210269,-0.866890,-3.151703,-3.701019
1.742913,0.668109,-0.107452,-2.217899,0.568551,0.683299,-0.520134,-2.976608,-3.869247
1.723753,0.556742,-0.157747,-3.438621,0.492256,0.896925,-0.346756,-2.626419,-3.869247
1.656693,0.385499,-0.144574,-3.087663,0.599069,0.698558,-0.520134,-2.801514,-3.701019
1.690223,0.260959,-0.090687,-2.431525,0.461738,0.301823,-0.866890,-2.976608,-3.869247
1.730938,0.244194,-0.140982,-0.966659,0.126040,0.515450,-0.520134,-2.976608,-3.364563
1.681841,0.233417,-0.169722,0.177768,-0.133364,0.668040,-0.520134,-2.801514,-3.701019
1.680643,0.244194,-0.216424,1.322194,-0.545357,0.210269,-0.520134,-2.626419,-4.205704
1.723753,0.302872,-0.204449,2.314031,-0.072328,0.042420,-0.520134,-2.801514,-3.869247
1.730938,0.385499,-0.172117,2.329290,-0.224918,0.072938,-0.346756,-2.801514,-4.037476
1.705791,0.447769,-0.054762,1.627375,0.049744,-0.049134,-0.693512,-2.976608,-4.037476
1.667471,0.567519,-0.037997,1.032273,0.095522,-0.461128,-0.693512,-3.151703,-3.532791
1.760876,0.622604,-0.102662,-0.249485,0.232853,-0.308537,-0.520134,-2.976608,-4.037476
1.788418,0.584284,-0.113439,-1.607538,0.705882,-0.018616,-0.520134,-2.976608,-4.037476
1.748901,0.470522,-0.168524,-1.805905,1.056840,-0.171206,-0.693512,-2.976608,-3.532791
1.691421,0.451362,-0.120624,-2.172122,0.995804,-0.003357,-0.693512,-2.976608,-3.869247
1.674656,0.425017,-0.125414,-1.973755,0.660105,0.210269,-0.520134,-3.151703,-3.532791
1.710581,0.366339,-0.158944,-1.119249,0.614328,0.439155,-0.693512,-3.151703,-3.364563
1.736926,0.268144,-0.187684,-0.173190,0.629587,0.225528,-0.693512,-3.326797,-3.869247
1.718963,0.227429,-0.157747,0.513466,0.736400,0.240787,-0.520134,-2.976608,-4.205704
1.667471,0.260959,-0.173314,1.825742,0.354925,0.545968,-0.520134,-3.151703,-3.532791
1.674656,0.299279,-0.181697,1.902037,0.553292,0.469673,-0.520134,-3.151703,-3.701019
1.665076,0.397474,-0.073922,1.902037,0.324407,0.652781,-0.346756,-2.801514,-3.869247
1.692618,0.547162,-0.070329,1.169604,-0.133364,0.820630,-0.520134,-2.976608,-3.869247
1.695013,0.624999,-0.108649,-0.005341,0.232853,0.713817,-0.693512,-3.151703,-4.037476
1.758481,0.592667,-0.137389,-1.103990,0.583810,0.133974,-0.693512,-3.326797,-4.037476
1.730938,0.536384,-0.065539,-2.278935,0.522774,0.515450,-0.520134,-3.151703,-3.701019
1.632743,0.410647,-0.138587,-2.172122,0.568551,0.256046,-0.866890,-3.326797,-3.869247
1.667471,0.286107,-0.191277,-1.531243,0.415961,-0.018616,-0.520134,-2.801514,-3.701019
1.699803,0.262157,-0.216424,-0.341039,0.400702,0.103456,-0.693512,-2.801514,-3.869247
1.709383,0.239404,-0.117032,0.711833,0.339666,0.179751,-0.346756,-2.801514,-4.037476
1.671063,0.300477,-0.129007,1.520562,0.385443,0.149233,-0.346756,-2.801514,-4.037476
1.680643,0.337599,-0.152957,1.718929,-0.057069,0.027161,-0.693512,-2.976608,-3.869247
1.697408,0.373524,-0.121822,2.130922,0.217594,0.484932,-0.520134,-3.326797,-3.869247
1.735728,0.496867,-0.091884,0.925460,-0.011292,0.713817,-0.866890,-3.326797,-4.037476
1.703396,0.636974,-0.136192,-0.417334,-0.041810,0.942702,-0.520134,-2.801514,-3.701019
1.669866,0.617814,-0.105057,-1.668574,0.187076,0.744335,-0.520134,-2.976608,-3.701019
1.681841,0.547162,-0.217622,-2.141604,0.660105,0.622263,-0.693512,-2.976608,-3.701019
1.735728,0.425017,-0.174512,-2.431525,0.354925,0.225528,-0.693512,-2.976608,-3.869247
1.728543,0.277724,-0.134994,-1.546502,0.492256,0.179751,-0.520134,-2.801514,-3.869247
1.671063,0.185517,-0.125414,-0.447852,0.080262,-0.293278,-0.520134,-3.501892,-3.869247
1.675853,0.193899,-0.158944,0.406653,-0.179141,-0.293278,-1.040268,-2.801514,-3.869247
1.687828,0.256169,-0.174512,1.963073,0.003967,-0.186465,-0.866890,-2.976608,-3.701019
1.703396,0.338797,-0.173314,2.130922,0.293889,-0.125429,-0.346756,-2.801514,-4.205704
1.671063,0.484892,-0.065539,2.176699,0.248112,0.072938,-0.346756,-2.976608,-3.869247
1.701001,0.522014,-0.029614,0.879683,0.034485,0.149233,-0.693512,-2.626419,-3.869247
1.715371,0.535187,-0.023627,-0.142672,0.187076,-0.033875,-0.693512,-2.976608,-3.869247
1.704593,0.577099,-0.160142,-1.515984,0.446479,-0.140688,-0.693512,-3.501892,-3.869247
1.722556,0.526804,-0.166129,-2.034791,0.705882,0.088197,-0.346756,-2.976608,-4.037476
1.661483,0.448967,-0.156549,-2.111086,0.538033,0.423896,-0.346756,-3.151703,-3.532791
1.631546,0.363944,-0.096674,-2.339971,0.431220,0.408637,-0.520134,-3.151703,-4.037476
1.659088,0.310057,-0.150562,-1.927977,0.415961,0.301823,-1.040268,-2.801514,-3.869247
1.683038,0.294489,-0.142179,-1.958495,-0.102846,0.683299,-0.520134,-2.801514,-4.037476
1.673458,0.500459,-0.106254,-4.338903,0.354925,0.729076,-0.520134,-2.801514,-4.037476
1.702198,0.332809,-0.184092,-2.767224,1.011063,0.851148,-0.520134,-2.976608,-3.532791
1.729741,0.089717,-0.267917,0.528725,0.492256,-0.155947,-0.520134,-3.151703,-3.532791
1.705791,0.136419,-0.220017,3.199054,0.080262,-0.400092,-0.520134,-2.976608,-4.037476
1.648311,0.284909,-0.134994,3.550011,-0.133364,-0.186465,-0.520134,-2.801514,-4.037476
1.621966,0.365142,-0.035602,2.008850,-0.240177,-0.796826,-0.866890,-2.801514,-3.869247
1.638731,0.535187,-0.075119,1.566339,-0.377508,-0.400092,-0.520134,-2.976608,-3.869247
1.734531,0.595062,-0.160142,0.605020,0.065003,-0.171206,-0.520134,-2.976608,-3.869247
1.740518,0.651344,-0.073922,-1.683833,0.080262,0.195010,-0.520134,-2.976608,-3.869247
1.679446,0.603444,-0.026022,-3.224994,0.339666,0.133974,-0.520134,-2.976608,-3.869247
1.669866,0.409449,-0.103859,-3.636988,0.248112,0.103456,-0.520134,-2.976608,-3.869247
1.696211,0.250182,-0.154154,-2.492561,-0.026551,-0.262760,-0.520134,-2.976608,-3.869247
1.740518,0.193899,-0.208042,-0.798810,-0.209659,-0.186465,-0.520134,-2.976608,-3.869247
1.680643,0.159172,-0.155352,0.925460,-0.163882,-0.079652,-0.520134,-2.976608,-3.869247
1.648311,0.222639,-0.192474,2.161440,-0.118105,-0.049134,-0.520134,-2.976608,-3.869247
1.673458,0.349574,-0.105057,3.092241,-0.377508,0.088197,-0.520134,-3.151703,-4.037476
1.702198,0.476509,-0.134994,2.542916,0.019226,0.195010,-0.693512,-3.151703,-3.869247
1.714173,0.525607,-0.109847,1.276417,0.629587,0.027161,-1.213646,-2.976608,-3.701019
1.705791,0.522014,-0.096674,-0.127413,0.446479,0.271305,-0.693512,-3.151703,-4.037476
1.662681,0.475312,-0.103859,-1.439689,0.583810,0.622263,-0.520134,-2.976608,-3.701019
1.624361,0.420227,-0.099069,-2.294194,0.003967,0.439155,-0.520134,-3.151703,-4.037476
1.663878,0.354364,-0.168524,-2.050050,0.065003,0.347600,-0.346756,-2.976608,-4.205704
1.722556,0.355562,-0.111044,-1.500725,-0.148623,0.210269,-0.520134,-3.151703,-3.869247
1.721358,0.377117,-0.194869,-1.088731,0.080262,0.393378,-0.866890,-3.151703,-3.701019
1.695013,0.367537,-0.186487,-0.402075,0.248112,0.240787,-0.346756,-3.151703,-4.037476
1.685433,0.359154,-0.174512,0.467689,0.354925,-0.094911,-0.866890,-2.801514,-4.037476
1.671063,0.341192,-0.145772,0.345617,0.644846,0.011902,-0.866890,-3.151703,-3.532791
1.666273,0.341192,-0.121822,1.078050,0.538033,0.347600,-1.040268,-2.976608,-3.532791
1.657891,0.344784,-0.155352,1.001755,0.248112,0.286564,-0.866890,-2.976608,-3.869247
1.657891,0.308859,-0.111044,1.581598,0.034485,0.164492,-0.520134,-2.976608,-3.701019
1.674656,0.304069,-0.073922,1.200122,-0.163882,0.423896,-0.520134,-2.976608,-4.205704
1.675853,0.372327,-0.057157,0.971237,-0.133364,0.027161,-0.520134,-3.151703,-3.701019
